id,age_group_id,age,video_url,title1,title2,difficulty
1,5,어르신,https://www.youtube.com/watch?v=xKiTzl8P-hE,아쿠아로빅 심폐지구력 운동 루틴 프로그램,심폐지구력,초급
2,5,어르신,https://www.youtube.com/watch?v=McMFvy_ZFYg,머신 이용 근력 운동 루틴 프로그램,"근지구력, 근력",중급
3,5,어르신,https://www.youtube.com/watch?v=fCK_-up5BJY,의자 이용 근력 운동 루틴 프로그램,"근지구력, 근력","중급, 초급"
4,5,어르신,https://www.youtube.com/watch?v=RhZTjpRyy04,짐볼 이용 근력 운동 루틴 프로그램,"근지구력, 근력",중급
5,5,어르신,https://www.youtube.com/watch?v=Sw7zO7aoJrY,의자 이용 유연성 운동 루틴 프로그램,유연성,초급
6,5,어르신,https://www.youtube.com/watch?v=14Dm4vn_aj4,폼롤러 이용 유연성 운동 루틴 프로그램,유연성,초급
7,5,어르신,https://www.youtube.com/watch?v=oXTdVtKSSZ0,자기 체중 이용 평형성 운동 루틴 프로그램,평형성,초급
8,5,어르신,https://www.youtube.com/watch?v=C34Vj6QUHKg,짐볼 앉기 루틴 프로그램,평형성,중급
9,5,어르신,https://www.youtube.com/watch?v=O_A6NiCY-uo,탄력밴드 걸고 서기 루틴 프로그램,평형성,중급
10,5,어르신,https://www.youtube.com/watch?v=mq-HZTkqEr4,베개 밟고 서기 루틴 프로그램,평형성,초급
11,5,어르신,https://www.youtube.com/watch?v=dSh9vCZIz8A,의자 잡고 서기 루틴 프로그램,평형성,초급
12,5,어르신,https://www.youtube.com/watch?v=UjSVPkBGa2A,사다리 이용 협응성 운동 루틴 프로그램,협응성,초급
13,5,어르신,https://www.youtube.com/watch?v=powxE8dUXLQ,짐볼 이용 평형성 운동 루틴 프로그램,평형성,중급
14,5,어르신,https://www.youtube.com/watch?v=49zlEjMbSiY,탄력밴드 이용 평형성 운동 루틴 프로그램,평형성,중급
15,5,어르신,https://www.youtube.com/watch?v=pGi1U_c2MCY,의자 이용 평형성 운동 루틴 프로그램,평형성,초급
16,5,어르신,https://www.youtube.com/watch?v=cNZZv1wdNYA,관절염 예방을 위한 심폐지구력 운동,심폐지구력,초급
17,5,어르신,https://www.youtube.com/watch?v=UXFkYXu4xV8,관절염 예방을 위한 근력운동 2,근력,중급
18,5,어르신,https://www.youtube.com/watch?v=e88sCX4LYzU,관절염 예방을 위한 근력운동 1,근력,중급
19,5,어르신,https://www.youtube.com/watch?v=zEQ6VzvdeW8,관절염 예방을 위한 스트레칭,유연성,초급
20,5,어르신,https://www.youtube.com/watch?v=H290BeAz24c,골다공증 예방을 위한 심폐지구력 운동,심폐지구력,초급
21,5,어르신,https://www.youtube.com/watch?v=lKd75Yr0YUg,골다공증 예방을 위한 근력운동 2,근력,중급
22,5,어르신,https://www.youtube.com/watch?v=BUljSeSpS00,골다공증 예방을 위한 근력운동 1,근력,중급
23,5,어르신,https://www.youtube.com/watch?v=ytdQBtvqv0k,골다공증 예방을 위한 스트레칭,유연성,초급
24,5,어르신,https://www.youtube.com/watch?v=26wwymvZDKU,요통 예방을 위한 근력운동,근력,중급
25,5,어르신,https://www.youtube.com/watch?v=v1h2bzIPSP0,요통 예방을 위한 스트레칭 2,유연성,초급
26,5,어르신,https://www.youtube.com/watch?v=OElPC7qQOyM,요통 예방을 위한 스트레칭 1,유연성,초급
27,5,어르신,https://www.youtube.com/watch?v=4XxWEYhRG4M,고혈압 예방을 위한 심폐지구력 운동,심폐지구력,초급
28,5,어르신,https://www.youtube.com/watch?v=7wTN62UUIMg,고혈압 예방을 위한 근력운동,근력,중급
29,5,어르신,https://www.youtube.com/watch?v=esoPmL2WS18,누워서 가슴 밀기 (기구이용),"근지구력, 근력",중급
30,5,어르신,https://www.youtube.com/watch?v=3K8ehD7nClM,덤벨 잡고 몸통 옆으로 굽히기,"근지구력, 근력",중급
31,5,어르신,https://www.youtube.com/watch?v=SPEbUriOsx8,앉아서 뒤로 당기기 (기구이용),"근지구력, 근력",중급
32,5,어르신,https://www.youtube.com/watch?v=eDXyNH3TitU,몸통 들어올리기 (기구이용),"근지구력, 근력",중급
33,5,어르신,https://www.youtube.com/watch?v=qkm6BEdCpl0,앉아서 몸통 움츠리기 (기구이용),"근지구력, 근력",중급
34,5,어르신,https://www.youtube.com/watch?v=oihh0qHSrRc,서서 다리 모으고 벌리기 (기구이용),"근지구력, 근력",중급
35,5,어르신,https://www.youtube.com/watch?v=SOIv0oZ3mxM,덤벨 잡고 한발 내밀어 굽혔다 펴기,"근지구력, 근력",중급
36,5,어르신,https://www.youtube.com/watch?v=CTWEDArC3dE,덤벨 잡고 뒤꿈치 들기,"근지구력, 근력",중급
37,5,어르신,https://www.youtube.com/watch?v=ZMGfHidKvu4,앉아서 다리 밀기 (기구이용),"근지구력, 근력",중급
38,5,어르신,https://www.youtube.com/watch?v=8SXoEOQu05c,엎드려 다리 굽히기 (기구이용),"근지구력, 근력",중급
39,5,어르신,https://www.youtube.com/watch?v=guCoRo-mPD0,앉아서 다리 펴기 (기구이용),"근지구력, 근력",중급
40,5,어르신,https://www.youtube.com/watch?v=E-riR4IkUJ4,바벨 들어올리기,"근지구력, 근력",중급
41,5,어르신,https://www.youtube.com/watch?v=aWEBPV54Wv8,앉았다 일어서기 (덤벨),"근지구력, 근력",중급
42,6,전체,https://www.youtube.com/watch?v=FAvYPE6kokE,누워서 다리 곧게 펴서 올리기,"근지구력, 근력",중급
43,6,전체,https://www.youtube.com/watch?v=eSh7tR2Kz90,뛰어 내렸다가 바로 점프하기,"민첩성, 순발력",중급
44,6,전체,https://www.youtube.com/watch?v=vNmQ7YYb2_g,양팔 대각선으로 올리기,"근지구력, 근력",중급
45,6,전체,https://www.youtube.com/watch?v=9AQiG89BEBk,옆으로 펀치하기,순발력,중급
46,6,전체,https://www.youtube.com/watch?v=7zhkYnCCF9w,베개 밟고 서기,평형성,중급
47,6,전체,https://www.youtube.com/watch?v=rb3QUqI2IVE,짐볼 앉기,"근지구력, 평형성, 근력",중급
48,6,전체,https://www.youtube.com/watch?v=uLaAnlw-xZ4,공 잡고 들어올리기,"근지구력, 근력",중급
49,6,전체,https://www.youtube.com/watch?v=rksEDRQdh_k,짐볼에서 몸통·엉덩이 돌리기,"근지구력, 근력",중급
50,6,전체,https://www.youtube.com/watch?v=EJgbRmAt-gk,짐볼 위에 앉아 밴드 양옆으로 당기기,"근지구력, 근력",중급
51,6,전체,https://www.youtube.com/watch?v=FSqnQ5YUd-o,짐볼 들고 양옆으로 돌리기,"근지구력, 근력",중급
52,6,전체,https://www.youtube.com/watch?v=uWbON5CG-UI,짐볼에 다리 올리고 좌우로 움직이기,"근지구력, 근력",중급
53,6,전체,https://www.youtube.com/watch?v=Nh0PN5RnsMY,짐볼에 엎드려서 몸통 젖히기,"근지구력, 근력",중급
54,6,전체,https://www.youtube.com/watch?v=HzaAIJcL8Bc,짐볼 윗몸올리기,"근지구력, 근력",중급
55,6,전체,https://www.youtube.com/watch?v=5JobO_xynqo,탄력밴드 걸고 서기,"근지구력, 근력",중급
56,6,전체,https://www.youtube.com/watch?v=-nM0dg1_yhI,밴드 답고 누워서 다리 밀기,"근지구력, 근력",중급
57,6,전체,https://www.youtube.com/watch?v=m8ZEBSXAkLk,서서 탄력밴드 당겨내리기/올리기,"근지구력, 근력",중급
58,6,전체,https://www.youtube.com/watch?v=od3tWlT4kUs,서서 다리로 탄력밴드 당기기2,"근지구력, 근력",중급
59,6,전체,https://www.youtube.com/watch?v=oThNfuCY7Ig,서서 다리로 탄력밴드 당기기1,"근지구력, 근력",중급
60,6,전체,https://www.youtube.com/watch?v=3WRykY5iGoQ,의자 잡고 서기,"근지구력, 평형성, 근력","중급, 초급"
61,6,전체,https://www.youtube.com/watch?v=rJ6s6WMoAMY,의자에 앉아 등 굽혔다 펴기,"근지구력, 근력","중급, 초급"
62,6,전체,https://www.youtube.com/watch?v=_MpsRLMwTog,좌우 찍기,평형성,중급
63,6,전체,https://www.youtube.com/watch?v=x_iXnG9EIco,서서 뒤꿈치 들기,"근지구력, 근력",중급
64,6,전체,https://www.youtube.com/watch?v=BUtU8kx80Ms,균형걷기,평형성,중급
65,6,전체,https://www.youtube.com/watch?v=6YMRendCkNA,양발 나란히 서기,평형성,중급
66,6,전체,https://www.youtube.com/watch?v=dlxM4E0nhTs,누워서 팔 다리 교차 뻗기,"근지구력, 근력",중급
67,6,전체,https://www.youtube.com/watch?v=cGsJHbj3PaI,네발기기 자세에서 손바닥으로 바닥밀기,"근지구력, 근력",중급
68,6,전체,https://www.youtube.com/watch?v=rBK4dJD95Qc,누워서 엉덩이 들어올리기,"근지구력, 근력",중급
69,6,전체,https://www.youtube.com/watch?v=0rjfQ0kvqbI,엎드려 양팔 올리기,"근지구력, 근력",중급
70,6,전체,https://www.youtube.com/watch?v=1L6heX4z824,윗몸올리기,"근지구력, 근력",중급
71,6,전체,https://www.youtube.com/watch?v=X7XaFgbxRWk,누워서 다리 들어올리기,"근지구력, 근력",중급
72,6,전체,https://www.youtube.com/watch?v=0gyZgAtlmVA,엎드려 버티기,"근지구력, 근력",중급
73,6,전체,https://www.youtube.com/watch?v=rtlByexD4E4,배가로근 수축1,"근지구력, 근력",중급
74,6,전체,https://www.youtube.com/watch?v=9jcppMn8oqY,앉았다 일어서기,"근지구력, 근력",중급
75,6,전체,https://www.youtube.com/watch?v=_hUhysVkCNg,바벨 끌어당기기,"근지구력, 근력",중급
76,6,전체,https://www.youtube.com/watch?v=I01n6vfUU1U,누워서 덤벨 들어올리기,"근지구력, 근력",중급
77,6,전체,https://www.youtube.com/watch?v=3ugdDRrcg70,몸통 옆으로 굽히기,"근지구력, 근력",중급
78,6,전체,https://www.youtube.com/watch?v=K48KUXpit8I,앉았다 일어서기,"근지구력, 근력",중급
79,6,전체,https://www.youtube.com/watch?v=b_E73jVW3uI,서서 어깨 들어올리기,"근지구력, 근력",중급
80,6,전체,https://www.youtube.com/watch?v=TeEMQPH12b0,파워클린,"근지구력, 근력",중급
81,6,전체,https://www.youtube.com/watch?v=JlTjmZsszBI,앉아서 팔꿈치 굽히기,"근지구력, 근력",중급
82,6,전체,https://www.youtube.com/watch?v=ov70Kb4NIII,바벨 들어 올리기,"근지구력, 근력",중급
83,6,전체,https://www.youtube.com/watch?v=A04qT9ps5vQ,엎드려 다리 굽히기,"근지구력, 근력",중급
84,6,전체,https://www.youtube.com/watch?v=DW7NmBaqQd4,앉아서 위로 밀기,"근지구력, 근력",중급
85,6,전체,https://www.youtube.com/watch?v=CDKQBhjeQC0,앉아서 모으기,"근지구력, 근력",중급
86,6,전체,https://www.youtube.com/watch?v=MS-K9stWHwQ,누워서 밀기,"근지구력, 근력",중급
87,6,전체,https://www.youtube.com/watch?v=nxFomn_Aaow,앉아서 밀기,"근지구력, 근력",중급
88,6,전체,https://www.youtube.com/watch?v=oKDe3N8hgmQ,앉아서 몸통 움츠리기,"근지구력, 근력",중급
89,6,전체,https://www.youtube.com/watch?v=Bye5CZoOoi0,몸통 들어올리기,"근지구력, 근력",중급
90,6,전체,https://www.youtube.com/watch?v=fUlT1sxDJAw,앉아서 뒤로 당기기,"근지구력, 근력",중급
91,6,전체,https://www.youtube.com/watch?v=heqUbug_0sM,앉아서 당겨 내리기,"근지구력, 근력",중급
92,6,전체,https://www.youtube.com/watch?v=JkdP5Zczu2Q,앉아서 다리 벌리기,"근지구력, 근력",중급
93,6,전체,https://www.youtube.com/watch?v=vbKO2qfVzNg,앉아서 다리 모으기,"근지구력, 근력",중급
94,6,전체,https://www.youtube.com/watch?v=2H5Z3pa5TfQ,앉아서 다리 굽히기,"근지구력, 근력",중급
95,6,전체,https://www.youtube.com/watch?v=jc3YfFY5OXE,앉아서 다리 펴기,"근지구력, 근력",중급
96,6,전체,https://www.youtube.com/watch?v=xDHnZLFLZmg,엎드려 양발 교차로 당기기,심폐지구력,중급
97,6,전체,https://www.youtube.com/watch?v=u7aQGEhDe0g,스텝박스,심폐지구력,중급
98,6,전체,https://www.youtube.com/watch?v=a8cYV7tctZE,계단 올라갔다 내려오기,심폐지구력,중급
99,6,전체,https://www.youtube.com/watch?v=yPjc1gLQe54,줄넘기,심폐지구력,중급
100,6,전체,https://www.youtube.com/watch?v=BmfF_MwC8vE,달리기,심폐지구력,중급
101,6,전체,https://www.youtube.com/watch?v=_1XGq5zPbhs,빠르게 걷기,심폐지구력,중급
102,6,전체,https://www.youtube.com/watch?v=8ryWM0qlsb0,수영_접영,심폐지구력,중급
103,6,전체,https://www.youtube.com/watch?v=kE2vvc8r8bQ,수영_자유형,심폐지구력,중급
104,5,어르신,https://www.youtube.com/watch?v=SDMW0QXQmcs,등 스트레칭,유연성,초급
105,5,어르신,https://www.youtube.com/watch?v=h3Xs53rEztM,발목 돌리기,유연성,초급
106,5,어르신,https://www.youtube.com/watch?v=WXZTSPkhvog,걷기,심폐지구력,초급
107,5,어르신,https://www.youtube.com/watch?v=4o8M8wxCn3o,의자 전신 스트레칭,유연성,초급
108,5,어르신,https://www.youtube.com/watch?v=7dyv43bAz-M,대퇴이두근 스트레칭,유연성,초급
109,5,어르신,https://www.youtube.com/watch?v=-_-EcCM1QJ4,고정식 자전거 타기,심폐지구력,초급
110,5,어르신,https://www.youtube.com/watch?v=pxHT61DJAZ0,고정식 트레드밀 걷기,심폐지구력,초급
111,5,어르신,https://www.youtube.com/watch?v=7DfNK7RzQ64,스텝박스 이용해 걷기,심폐지구력,초급
112,5,어르신,https://www.youtube.com/watch?v=6N8nzHaCbZo,물 속에서 걷기,심폐지구력,초급
113,5,어르신,https://www.youtube.com/watch?v=qc-PQrTj_lI,수영,심폐지구력,초급
114,5,어르신,https://www.youtube.com/watch?v=8Xl7XN3wqrg,아쿠아로빅 루틴프로그램,심폐지구력,초급
115,4,성인,https://www.youtube.com/watch?v=3WXfwivRsLo,수동적 관절가동범위 운동,"유연성, 근력","중급, 초급"
116,4,성인,https://www.youtube.com/watch?v=MS6abB1jyaA,수건 이용하여 장딴지 늘리기,"유연성, 근력","중급, 초급"
117,4,성인,https://www.youtube.com/watch?v=RyocWLWoRP0,자가근막이완술 루틴 스트레칭,유연성,초급
118,4,성인,https://www.youtube.com/watch?v=2oE97tmKR7k,작은 공을 이용한 동적 루틴 스트레칭,유연성,초급
119,4,성인,https://www.youtube.com/watch?v=8UpZdbYtgms,짐볼을 이용한 동적 루틴 스트레칭,유연성,"중급, 초급"
120,4,성인,https://www.youtube.com/watch?v=JQUBQizjfj0,좌식 생활자를 위한 동적 루틴 스트레칭,유연성,초급
121,4,성인,https://www.youtube.com/watch?v=ul0Vbv7uiHE,유산소 운동 전 동적 루틴 스트레칭,유연성,초급
122,4,성인,https://www.youtube.com/watch?v=xzCoOyOTgpc,전신 루틴 스트레칭,유연성,초급
123,4,성인,https://www.youtube.com/watch?v=6TWvzumskts,상지 루틴 스트레칭,유연성,초급
124,4,성인,https://www.youtube.com/watch?v=YsUMvs_yCOU,하지 루틴 스트레칭 1,유연성,초급
125,4,성인,https://www.youtube.com/watch?v=aS-BWKK2izs,하지 루틴 스트레칭 2,유연성,초급
126,4,성인,https://www.youtube.com/watch?v=AX0FSMU34EE,넙다리 안쪽 스트레칭,유연성,초급
127,4,성인,https://www.youtube.com/watch?v=U13sBcbOsl4,넙다리 앞쪽 스트레칭,유연성,초급
128,4,성인,https://www.youtube.com/watch?v=ostPgJJAAoE,넙다리 뒤쪽 스트레칭,유연성,초급
129,4,성인,https://www.youtube.com/watch?v=UtSQHEh-4Kg,엉덩이 스트레칭,유연성,초급
130,4,성인,https://www.youtube.com/watch?v=1KXZCl1e5gY,옆구리 스트레칭,유연성,초급
131,4,성인,https://www.youtube.com/watch?v=daU2osrrHRk,배 스트레칭,유연성,초급
132,4,성인,https://www.youtube.com/watch?v=19jXlYi7Mio,허리 스트레칭,유연성,초급
133,4,성인,https://www.youtube.com/watch?v=fU0N9YdBFxI,아래 팔 스트레칭,유연성,초급
134,4,성인,https://www.youtube.com/watch?v=cbV7XSVBM2w,가슴/어깨 앞쪽 스트레칭,유연성,초급
135,4,성인,https://www.youtube.com/watch?v=tmZ87GjdId4,등 어깨 뒤쪽 스트레칭,유연성,초급
136,4,성인,https://www.youtube.com/watch?v=d1tYcRykLPk,목 스트레칭,유연성,초급
137,4,성인,https://www.youtube.com/watch?v=gArG4NiOM28,계단 한발 뛰기,"민첩성, 순발력",중급
138,4,성인,https://www.youtube.com/watch?v=7nBsd3WpMxA,계단 두 칸씩 두발 뛰기,"민첩성, 순발력",중급
139,4,성인,https://www.youtube.com/watch?v=YyN02xfSe2g,계단 두발 뛰기,"민첩성, 순발력",중급
140,4,성인,https://www.youtube.com/watch?v=e5gXZ2Ks9Jo,점프 팔굽혀펴기,"민첩성, 순발력",중급
141,4,성인,https://www.youtube.com/watch?v=Xp2UdgJ93_Q,버피운동,"민첩성, 순발력",중급
142,4,성인,https://www.youtube.com/watch?v=weBc5JQ__50,팔 벌려 뛰기,"민첩성, 순발력",중급
143,4,성인,https://www.youtube.com/watch?v=N7IBjoT4oGo,사다리 옆으로 발 옮기기,"민첩성, 순발력",중급
144,4,성인,https://www.youtube.com/watch?v=q6coj8e6Tn8,사다리 좌우 뛰기,"민첩성, 순발력",중급
145,4,성인,https://www.youtube.com/watch?v=_E5mVxEgp40,사다리 안팎 뛰기,"민첩성, 순발력",중급
146,4,성인,https://www.youtube.com/watch?v=_hXusZ9PiwU,뛰어내렸다가 바로 점프하기,"민첩성, 순발력",중급
147,4,성인,https://www.youtube.com/watch?v=J4V_WPXUcO0,스텝퍼 올라가서 점프하여 착지하기,"민첩성, 순발력",중급
148,4,성인,https://www.youtube.com/watch?v=9IxU2l5vhl0,스텝퍼 옆으로 뛰어넘기,"민첩성, 순발력",중급
149,4,성인,https://www.youtube.com/watch?v=tC7mFPhS36k,스텝퍼 뛰어서 넘어가기,"민첩성, 순발력",중급
150,4,성인,https://www.youtube.com/watch?v=3FXFmlzSxJc,스텝퍼 뛰어서 오르내리기,"민첩성, 순발력",중급
151,4,성인,https://www.youtube.com/watch?v=OTdX4busMSA,스텝퍼 오르내리기,"민첩성, 순발력",중급
152,4,성인,https://www.youtube.com/watch?v=1fA4qBGyqhM,옆으로 펀치하기,"민첩성, 순발력",중급
153,4,성인,https://www.youtube.com/watch?v=VZx4Ynp2aT0,무릎 높여 제자리 달리기,"민첩성, 순발력",중급
154,4,성인,https://www.youtube.com/watch?v=uXanhxl2GM8,앉았다 일어서면서 점프하기,"민첩성, 순발력",중급
155,4,성인,https://www.youtube.com/watch?v=8JLwdknLw6E,목 굽힘/폄 Ⅲ,근력,중급
156,4,성인,https://www.youtube.com/watch?v=-i-vAvNtWBw,목 굽힘/폄 Ⅱ,근력,중급
157,4,성인,https://www.youtube.com/watch?v=g7SxlexJM58,목 굽힘/폄 Ⅰ,근력,중급
158,4,성인,https://www.youtube.com/watch?v=-CbeQjvGgoc,팔꿈치 굽히기,근력,중급
159,4,성인,https://www.youtube.com/watch?v=m37laE5fbKI,물병 옆으로 들어올리기,근력,중급
160,4,성인,https://www.youtube.com/watch?v=A97Y_T0dAtA,허리 굽혀 팔 뒤로 들기,근력,중급
161,4,성인,https://www.youtube.com/watch?v=w92fPHQpb0k,뒤로 팔굽혀펴기,근력,중급
162,4,성인,https://www.youtube.com/watch?v=sMg6GG14m10,팔굽혀펴기,근력,중급
163,4,성인,https://www.youtube.com/watch?v=Q_OLBsyY520,네발기기 자세에서 다리 위로 뻗어올리기,근력,중급
164,4,성인,https://www.youtube.com/watch?v=lIBPmJM-0sQ,짐볼에 다리 올리고 좌우로 움직이기,근력,중급
165,4,성인,https://www.youtube.com/watch?v=SCV_xa2A20c,서서 탄력밴드 당겨내리기/올리기,근력,중급
166,4,성인,https://www.youtube.com/watch?v=usSmz_7Txyo,탄력밴드 어깨 가쪽 돌림,근력,중급
167,4,성인,https://www.youtube.com/watch?v=YJ7f2VhN2kU,짐볼에 엎드려서 몸통 젖히기,근력,중급
168,4,성인,https://www.youtube.com/watch?v=FzxWC-OzyTw,짐볼에 엎드려서 팔 다리 들기,근력,중급
169,4,성인,https://www.youtube.com/watch?v=S6tAqxd4QX0,네발기기 자세에서 손바닥으로 바닥밀기,근력,중급
170,4,성인,https://www.youtube.com/watch?v=w5RHn8mWUXM,엎드려서 팔 다리 들기(남자),근력,중급
171,4,성인,https://www.youtube.com/watch?v=wz6Ju0mEu2c,엎드려서 팔 다리 들기,근력,중급
172,4,성인,https://www.youtube.com/watch?v=N6Zvq4CiQhU,네발기기 자세로 팔 다리 들기,근력,중급
173,4,성인,https://www.youtube.com/watch?v=oFQPeLxtosM,짐볼에 다리올리고 엉덩이 들어올리기,근력,중급
174,4,성인,https://www.youtube.com/watch?v=DeKWQmqn5gs,누워서 엉덩이 들어올리기,근력,중급
175,4,성인,https://www.youtube.com/watch?v=7aM-l7WPC-8,누워서 공들고 몸 기울이기,근력,중급
176,4,성인,https://www.youtube.com/watch?v=hCeAkSRq_Z0,누워서 하늘 자전거,근력,중급
177,4,성인,https://www.youtube.com/watch?v=1tIDymPF7Yg,누워서 수직으로 다리 들어올리기,근력,중급
178,4,성인,https://www.youtube.com/watch?v=xLXh4HBHMzY,누워서 다리 좌우로 움직이기,근력,중급
179,4,성인,https://www.youtube.com/watch?v=Az8Qi3u0oto,누워서 팔다리 동시에 들어올리기,근력,중급
180,4,성인,https://www.youtube.com/watch?v=-LLOH8DA8no,누워서 다리 들어올리기,근력,중급
181,4,성인,https://www.youtube.com/watch?v=GZjyIs72fHY,옆으로 누워 버티기,근력,중급
182,4,성인,https://www.youtube.com/watch?v=3iOY5iDggQI,엎드려 버티기 (여자),근력,중급
183,4,성인,https://www.youtube.com/watch?v=wCUWN9pYWHs,엎드려 버티기,근력,중급
184,4,성인,https://www.youtube.com/watch?v=4oEQWLBxA0Y,소파를 이용한 윗몸 올리기,근력,중급
185,4,성인,https://www.youtube.com/watch?v=S3tRws2NRbk,짐볼 윗몸 올리기,근력,중급
186,4,성인,https://www.youtube.com/watch?v=l3dE0CHL-08,윗몸 올리기 (남자),근력,중급
187,4,성인,https://www.youtube.com/watch?v=V6EbDxajDdQ,한발 서서 균형잡기,근력,중급
188,4,성인,https://www.youtube.com/watch?v=Ch_KCMrLOKs,윗몸 올리기,근력,중급
189,4,성인,https://www.youtube.com/watch?v=WHwrbWu3_U4,윗몸 올리기,근력,중급
190,4,성인,https://www.youtube.com/watch?v=JoJOvbHDFqI,누워서 배가로근 수축 Ⅱ,근력,중급
191,4,성인,https://www.youtube.com/watch?v=3nB0CYfN3Dk,누워서 배가로근 수축 Ⅰ,근력,중급
192,4,성인,https://www.youtube.com/watch?v=qxftJYWBzag,발등 굽힘 / 발바닥 굽힘,근력,중급
193,4,성인,https://www.youtube.com/watch?v=PYYWmiTnsVM,서서 뒤꿈치 들기,근력,중급
194,4,성인,https://www.youtube.com/watch?v=rWS5lG2v3Pk,서서 다리로 탄력밴드 당기기 Ⅱ,근력,중급
195,4,성인,https://www.youtube.com/watch?v=IueiGEGnfho,서서 다리로 탄력밴드 당기기 Ⅰ,근력,중급
196,4,성인,https://www.youtube.com/watch?v=p0VzcuNRPrg,서서 다리 뒤로차기,근력,중급
197,4,성인,https://www.youtube.com/watch?v=6mUrXxx2lKs,앉아서 엉덩관절 굽히기,근력,중급
198,4,성인,https://www.youtube.com/watch?v=Zktyx-jr63Q,의자에 앉아 다리 뻗어 올리기,근력,"중급, 초급"
199,4,성인,https://www.youtube.com/watch?v=4TVSE3Y50Eo,의자에 한 다리 올리고 앉았다 일어서기,근력,"중급, 초급"
200,4,성인,https://www.youtube.com/watch?v=szyKFpBZ1_4,한발 앞으로 내밀고 앉았다 일어서기,근력,중급
201,4,성인,https://www.youtube.com/watch?v=hWMUixdVoLY,의자 앞에서 앉았다 일어서기,근력,"중급, 초급"
202,4,성인,https://www.youtube.com/watch?v=3ndW3_is8_o,앉았다 일어서기,근력,중급
203,4,성인,https://www.youtube.com/watch?v=vheV4zZv7cE,짝 운동,근력,중급
204,4,성인,https://www.youtube.com/watch?v=QXbUTYL5Fy4,서서 상체 일으키기,근력,중급
205,4,성인,https://www.youtube.com/watch?v=wdw3QthW8-k,엎드려서 다리 차올리기,근력,중급
206,4,성인,https://www.youtube.com/watch?v=oG2gE1obDCk,엎드려서 균형잡기,근력,중급
207,4,성인,https://www.youtube.com/watch?v=TJJyNJj0GGg,서서 균형 잡으며 몸통 회전하기,근력,중급
208,4,성인,https://www.youtube.com/watch?v=nyks6HqG8G4,윗몸 말아 올리기,근력,중급
209,4,성인,https://www.youtube.com/watch?v=Oxf4FC1VgH0,서서 균형잡기,근력,중급
210,4,성인,https://www.youtube.com/watch?v=kkZgMGrxVD0,앉아서 팔꿈치 굽히기/펴기,근력,중급
211,4,성인,https://www.youtube.com/watch?v=8N8x2HdkA1o,손목 펴기/굽히기,근력,중급
212,4,성인,https://www.youtube.com/watch?v=th5xriIn3Y0,덤벨 옆으로 들어올리기,근력,중급
213,4,성인,https://www.youtube.com/watch?v=TcTUoUf-LgY,허리 굽혀 덤벨 뒤로 들기,근력,중급
214,4,성인,https://www.youtube.com/watch?v=Yaw6AkHdkJQ,누워서 머리 위로 팔꿈치 펴기,근력,중급
215,4,성인,https://www.youtube.com/watch?v=K1oEs5M26-o,고정한 상태에서 덤벨 들고 팔꿈치 굽히기,근력,중급
216,4,성인,https://www.youtube.com/watch?v=38Ut4YtRKbo,바벨 들어 팔꿈치 굽히기,근력,중급
217,4,성인,https://www.youtube.com/watch?v=DCLneItyEVY,서서 바벨 위로 밀기,근력,중급
218,4,성인,https://www.youtube.com/watch?v=0AN2tbTg4vo,누워서 덤벨 모아들기,근력,중급
219,4,성인,https://www.youtube.com/watch?v=ScZjYBhtk6U,누워서 덤벨 들어올리기,근력,중급
220,4,성인,https://www.youtube.com/watch?v=v3psx2_ZLVU,매달려서 뒤로 팔굽혀펴기,근력,중급
221,4,성인,https://www.youtube.com/watch?v=h5Kb0S5AQO4,몸통 옆으로 굽히기,근력,중급
222,4,성인,https://www.youtube.com/watch?v=WL9dK4MvsvE,매달려서 다리들기,근력,중급
223,4,성인,https://www.youtube.com/watch?v=eO-ItPOiCeI,허리 굽혀 덤벨 들기,근력,중급
224,4,성인,https://www.youtube.com/watch?v=KVwdvNg-pnA,바벨 끌어당기기,근력,중급
225,4,성인,https://www.youtube.com/watch?v=wQcyTdAe3y0,턱걸이,근력,중급
226,4,성인,https://www.youtube.com/watch?v=4FyWk6oPGDc,바벨 서서 어깨 들어올리기,근력,중급
227,4,성인,https://www.youtube.com/watch?v=OqzhjfrZ9_g,덤벨 한 발 앞으로 내밀고 앉았다 일어서기,근력,중급
228,4,성인,https://www.youtube.com/watch?v=rSuLNT9nJbo,바벨 앉았다 일어서기,근력,중급
229,4,성인,https://www.youtube.com/watch?v=InaFNrtFCNc,파워클린,근력,중급
230,4,성인,https://www.youtube.com/watch?v=bcL29G6p0hs,원판 던지기,근력,중급
231,4,성인,https://www.youtube.com/watch?v=qNo9jsmkfEM,바벨 들어 올리기,근력,중급
232,4,성인,https://www.youtube.com/watch?v=tVuFEWtCV9w,앉아서 위로 밀기,근력,중급
233,4,성인,https://www.youtube.com/watch?v=1FokjPxj4jI,앉아서 모으기,근력,중급
234,4,성인,https://www.youtube.com/watch?v=O0Z4Nj6Kr5A,거꾸로 누워서 밀기,근력,중급
235,4,성인,https://www.youtube.com/watch?v=k-17tim06L4,비스듬히 누워서 밀기,근력,중급
236,4,성인,https://www.youtube.com/watch?v=FBLREvkXKDY,앉아서 밀기,근력,중급
237,4,성인,https://www.youtube.com/watch?v=QQuGZDIIuvg,누워서 밀기,근력,중급
238,4,성인,https://www.youtube.com/watch?v=lFDYUpTVHBM,앉아서 몸통 움츠리기,근력,중급
239,4,성인,https://www.youtube.com/watch?v=B5eDTUNYhAo,몸통 들어올리기,근력,중급
240,4,성인,https://www.youtube.com/watch?v=gVhkCsNAshc,앉아서 뒤로 당기기,근력,중급
241,4,성인,https://www.youtube.com/watch?v=i6xX-W_HD9M,앉아서 당겨 내리기,근력,중급
242,4,성인,https://www.youtube.com/watch?v=LE7Zuw35yc4,앉아서 다리 벌리기,근력,중급
243,4,성인,https://www.youtube.com/watch?v=8ko-6CfE2G0,앉아서 다리 모으기,근력,중급
244,4,성인,https://www.youtube.com/watch?v=pA6w1qnxR14,뒤꿈치 들기,근력,중급
245,4,성인,https://www.youtube.com/watch?v=6qdT91iNBBY,앉아서 다리 굽히기,근력,중급
246,4,성인,https://www.youtube.com/watch?v=wXuoCjq_WAE,앉아서 다리펴기,근력,중급
247,4,성인,https://www.youtube.com/watch?v=S6jlISZMmAs,앉아서 다리밀기,근력,중급
248,4,성인,https://www.youtube.com/watch?v=z5b5iA0Ls00,몸 기울이기/회전하기,심폐지구력,중급
249,4,성인,https://www.youtube.com/watch?v=D_yiI1aUToc,발 닿기,심폐지구력,중급
250,4,성인,https://www.youtube.com/watch?v=ct7jokeWhbE,물 누르기/올리기,심폐지구력,중급
251,4,성인,https://www.youtube.com/watch?v=HELfvVOZciQ,옆구리 늘리기,심폐지구력,중급
252,4,성인,https://www.youtube.com/watch?v=oCrEf7n419g,물당기기/밀기,심폐지구력,중급
253,4,성인,https://www.youtube.com/watch?v=xClbF2_h8ZA,엉덩관절 회전하기,심폐지구력,중급
254,4,성인,https://www.youtube.com/watch?v=Q9wCecncxAI,수영,심폐지구력,중급
255,4,성인,https://www.youtube.com/watch?v=U-x4nDdbz_g,계단 뛰어 오르기,심폐지구력,중급
256,4,성인,https://www.youtube.com/watch?v=57-nxXG0U8I,계단 올라갔다 내려오기,심폐지구력,중급
257,4,성인,https://www.youtube.com/watch?v=7SPFH6HcK-g,줄넘기,심폐지구력,중급
258,4,성인,https://www.youtube.com/watch?v=50UOtjMsGIs,트레드밀에서 걷기,심폐지구력,중급
259,4,성인,https://www.youtube.com/watch?v=7q4Qz15toLo,실내 자전거타기,심폐지구력,중급
260,4,성인,https://www.youtube.com/watch?v=o9w8lVE5lWs,실외 자전거타기,심폐지구력,중급
261,4,성인,https://www.youtube.com/watch?v=fmtLoxbuflw,달리기,심폐지구력,중급
262,4,성인,https://www.youtube.com/watch?v=PtvDeH7B--k,걷기,심폐지구력,중급
263,5,어르신,https://www.youtube.com/watch?v=Wmc_bSISkDs,바벨 당겨올리기 (바벨),"근지구력, 근력",중급
264,5,어르신,https://www.youtube.com/watch?v=z15f5etYoJw,앉아서 당겨 내리기 (기구이용),"근지구력, 근력",중급
265,5,어르신,https://www.youtube.com/watch?v=ccF9pRFrq6c,앉아서 가슴 모으기 (기구이용),"근지구력, 근력",중급
266,5,어르신,https://www.youtube.com/watch?v=-7sdmR3SmKU,앉아서 팔꿈치 굽히기 (기구이용),"근지구력, 근력",중급
267,5,어르신,https://www.youtube.com/watch?v=eMwnF_Bgjus,서서 팔꿈치 펴기 (기구이용),"근지구력, 근력",중급
268,5,어르신,https://www.youtube.com/watch?v=6_FjRWgmeR4,앉아서 어깨 위로 밀기 (기구이용),"근지구력, 근력",중급
269,5,어르신,https://www.youtube.com/watch?v=vYFddQ_OCDc,앉아서 손목 굽히기 (덤벨),"근지구력, 근력",중급
270,5,어르신,https://www.youtube.com/watch?v=hThtJNqwDQY,짐볼 이용해 앉았다 일어서기 (소도구_짐볼),"근지구력, 근력",중급
271,5,어르신,https://www.youtube.com/watch?v=OiXEJ29IVPU,물병 들고 한발 앞으로 내밀고 앉았다 일어서기 (소도구_물병),"근지구력, 근력",중급
272,5,어르신,https://www.youtube.com/watch?v=C8_tRZdKZl8,공 잡고 들어올리기 (소도구_공),"근지구력, 근력",중급
273,5,어르신,https://www.youtube.com/watch?v=Cyd5BFYIQuw,밴드잡고 누워서 다리밀기 (소도구_밴드),"근지구력, 근력",중급
274,5,어르신,https://www.youtube.com/watch?v=WPP0xF_vFw4,밴드 걸고 엎드려 다리 구부리기 (소도구_밴드),"근지구력, 근력",중급
275,5,어르신,https://www.youtube.com/watch?v=316SknlYduw,밴드 걸고 누워 다리 들어올리기 (소도구_밴드),"근지구력, 근력",중급
276,5,어르신,https://www.youtube.com/watch?v=SEYtFnrgXZw,봉 잡고 앉았다 일어서기 (소도구_봉),"근지구력, 근력",중급
277,5,어르신,https://www.youtube.com/watch?v=66KdRFyt_O0,밴드 걸고 앉아 발등 굽힘 (소도구_밴드),"근지구력, 근력",중급
278,5,어르신,https://www.youtube.com/watch?v=DHvQ2FyT5po,밴드 걸고 옆으로 누워 다리 올리기 (소도구_밴드),"근지구력, 근력",중급
279,5,어르신,https://www.youtube.com/watch?v=IaQZvEds57w,"의자에 앉아 다리로 짐볼 쥐기 (소도구_짐볼,의자)","근지구력, 근력","중급, 초급"
280,5,어르신,https://www.youtube.com/watch?v=tEdqt2AsqWY,엎드려 뒤로 다리 올리기,"근지구력, 근력",중급
281,5,어르신,https://www.youtube.com/watch?v=6D98FQf6SvI,몸통(엉덩이) 들어올리기,"근지구력, 근력",중급
282,5,어르신,https://www.youtube.com/watch?v=GdUGE03elJY,밴드 머리 위로 들어올리기 (소도구_밴드),"근지구력, 근력",중급
283,5,어르신,https://www.youtube.com/watch?v=9WzgU3c44pI,물병 양팔 들어올리기 (소도구_물병),"근지구력, 근력",중급
284,5,어르신,https://www.youtube.com/watch?v=7aWbRpBiVTY,플렉스 바 비틀기 (소도구_플렉스 바),"근지구력, 근력",중급
285,5,어르신,https://www.youtube.com/watch?v=TPjapSPX1OA,벽에서 팔 굽혀펴기,"근지구력, 근력",중급
286,5,어르신,https://www.youtube.com/watch?v=VbxnQEcTMUs,의자에 앉아 팔 뻗기 (소도구_의자),"근지구력, 근력","중급, 초급"
287,5,어르신,https://www.youtube.com/watch?v=5PYRaoM8h_E,누워서 공 머리 위로 올리고 당기기 (소도구_공),"근지구력, 근력",중급
288,5,어르신,https://www.youtube.com/watch?v=WVvEdPRGRno,짐볼 들고 양옆으로 돌리기 (소도구_짐볼),"근지구력, 근력",중급
289,5,어르신,https://www.youtube.com/watch?v=FUIPXT_VDd8,"의자에 앉아 볼 돌리기 (소도구_의자,공)","근지구력, 근력","중급, 초급"
290,5,어르신,https://www.youtube.com/watch?v=bgeArMJLrnc,"짐볼 위에 앉아 밴드 양옆으로 당기기 (소도구_짐볼,밴드)","근지구력, 근력",중급
291,5,어르신,https://www.youtube.com/watch?v=Fis2pZaavjc,짐볼에서 몸통 돌리기 (소도구_짐볼),"근지구력, 근력",중급
292,5,어르신,https://www.youtube.com/watch?v=kXVCJARVkug,짐볼에서 엉덩이 돌리기 (소도구_짐볼),"근지구력, 근력",중급
293,5,어르신,https://www.youtube.com/watch?v=AydjXcvaQ6g,짐볼에서 윗몸 일으키기 (소도구_짐볼),"근지구력, 근력",중급
294,5,어르신,https://www.youtube.com/watch?v=QE4fQynaC0U,다리로 짐볼 들어올리기 (소도구_짐볼),"근지구력, 근력",중급
295,5,어르신,https://www.youtube.com/watch?v=5MkDh9r4XCM,의자에 앉아 등 굽혔다 펴기 (소도구_의자),"근지구력, 근력","중급, 초급"
296,5,어르신,https://www.youtube.com/watch?v=7tiVw6DWkBQ,앉아서 밴드 잡고 몸통 돌리기 (소도구_밴드),"근지구력, 근력",중급
297,5,어르신,https://www.youtube.com/watch?v=rqpgaGZBLY8,엎드려 양팔 및 다리 들어올리기,"근지구력, 근력",중급
298,5,어르신,https://www.youtube.com/watch?v=KZ3tw-ugPxk,밴드 잡고 몸통 옆으로 굽히기 (소도구_밴드),"근지구력, 근력",중급
299,5,어르신,https://www.youtube.com/watch?v=n5lc_PYZODs,양발 나란히 서기,평형성,초급
300,5,어르신,https://www.youtube.com/watch?v=rdsVdzLUrGY,좌·우 찍기,평형성,초급
301,5,어르신,https://www.youtube.com/watch?v=aHpzBV7JBOA,한 발 들기,평형성,초급
302,5,어르신,https://www.youtube.com/watch?v=TXuY9C4UvI0,의자 잡고 서기 루틴프로그램 (소도구_의자),평형성,초급
303,5,어르신,https://www.youtube.com/watch?v=VTFGHFONGgg,베개 밟고 서기 루틴프로그램 (소도구_베개),평형성,초급
304,5,어르신,https://www.youtube.com/watch?v=nraX-E22Uiw,탄력밴드 걸고 서기 루틴프로그램 (소도구_밴드),평형성,중급
305,5,어르신,https://www.youtube.com/watch?v=Csa1WTJc5ys,"균형걷기 (소도구_줄,테이프)",평형성,초급
306,5,어르신,https://www.youtube.com/watch?v=1CTWSroJe3g,짐볼 앉기 루틴프로그램 (소도구_짐볼),평형성,중급
307,5,어르신,https://www.youtube.com/watch?v=LvHNt8KNBxQ,좌·우로선넘기,협응성,초급
308,5,어르신,https://www.youtube.com/watch?v=17tyLvjkjDs,앞·뒤로 선넘기,협응성,초급
309,5,어르신,https://www.youtube.com/watch?v=3tXwkI9mLWM,발바닥 치기,협응성,초급
310,5,어르신,https://www.youtube.com/watch?v=dzRdSpp-spI,"머리 위로 공 넘기기 (파트너, 짝운동)",협응성,초급
311,5,어르신,https://www.youtube.com/watch?v=PjAq9PwGv1E,"풍선 튕기기 (파트너, 짝운동)",협응성,초급
312,5,어르신,https://www.youtube.com/watch?v=3JBWu1CB2i8,"성화봉송 (파트너, 짝운동)",협응성,초급
313,5,어르신,https://www.youtube.com/watch?v=ry2gYqGDKhQ,"스카프 저글링 (파트너, 짝운동)",협응성,초급
314,5,어르신,https://www.youtube.com/watch?v=eYFjJB0KC3Y,"스카프 라인 (파트너, 짝운동)",협응성,초급
315,5,어르신,https://www.youtube.com/watch?v=xG5wa2P9Chk,"하프콘 투호 (파트너, 짝운동)",협응성,초급
316,5,어르신,https://www.youtube.com/watch?v=SdUIfqqUgdw,"줄 따라 걷기 (파트너, 짝운동)",협응성,초급
317,5,어르신,https://www.youtube.com/watch?v=K5SeD0JEG5c,"발로 공 주고 받기 (파트너, 짝운동)",협응성,초급
318,5,어르신,https://www.youtube.com/watch?v=_rqlVGEGjHY,방향전환하며 걷기 (소도구_고깔),협응성,초급
319,5,어르신,https://www.youtube.com/watch?v=MpJ4hBfguV8,사다리 걷기 (소도구_사다리),협응성,초급
320,5,어르신,https://www.youtube.com/watch?v=ZDlWKL9QeyQ,의자에 앉아 다리올리고 균형잡기 (소도구_막대),협응성,초급
321,5,어르신,https://www.youtube.com/watch?v=-uAtoUrmmRs,제기차기 (소도구_풍선),협응성,초급
322,5,어르신,https://www.youtube.com/watch?v=KYdtC_7Uorg,의자 앉아 공 밀기 (소도구_공),협응성,초급
323,5,어르신,https://www.youtube.com/watch?v=SuJKMztDB58,누워서 전신 뻗기 (정적유연성),유연성,초급
324,5,어르신,https://www.youtube.com/watch?v=Qk_0TwY9A10,깍지 끼고 상체 숙이기 (정적유연성),유연성,초급
325,5,어르신,https://www.youtube.com/watch?v=z2N8VCjEHdY,목 스트레칭 (정적유연성),유연성,초급
326,5,어르신,https://www.youtube.com/watch?v=HY2Yu8DeasQ,어깨 뒤쪽 스트레칭 (정적유연성),유연성,초급
327,5,어르신,https://www.youtube.com/watch?v=I67ezDR1w-I,등·어깨 스트레칭 (정적유연성),유연성,초급
328,5,어르신,https://www.youtube.com/watch?v=6_zf8p4suaA,엉덩이 스트레칭 1 (정적유연성),유연성,초급
329,5,어르신,https://www.youtube.com/watch?v=IkNpF7jcl1s,아래 팔 스트레칭 (정적유연성),유연성,초급
330,5,어르신,https://www.youtube.com/watch?v=N8UiqRJmyN4,엉덩이 스트레칭 2 (정적유연성),유연성,초급
331,5,어르신,https://www.youtube.com/watch?v=tWVTfDntPSs,넙다리 앞쪽 스트레칭 (정적유연성),유연성,초급
332,5,어르신,https://www.youtube.com/watch?v=RrGoEv7vTdU,넙다리 안쪽 스트레칭 (정적유연성),유연성,초급
333,5,어르신,https://www.youtube.com/watch?v=LiA_jShjQoI,허리 스트레칭 (정적유연성),유연성,초급
334,5,어르신,https://www.youtube.com/watch?v=qVUay_sy5kQ,배 스트레칭 (정적유연성),유연성,초급
335,5,어르신,https://www.youtube.com/watch?v=gafuejx2HFE,옆구리 스트레칭 (정적유연성),유연성,초급
336,5,어르신,https://www.youtube.com/watch?v=0IF-QIMHrbk,양팔 벌려 전신 비틀기 (동적유연성),유연성,초급
337,5,어르신,https://www.youtube.com/watch?v=kHVcsIjUSmg,몸 돌림 스트레칭 (동적유연성),유연성,초급
338,5,어르신,https://www.youtube.com/watch?v=wFx4mclnF8w,회전근개 스트레칭 (동적유연성),유연성,초급
339,5,어르신,https://www.youtube.com/watch?v=VJQPyM-gsWI,어깨 회전과 무릎 바운스 (동적유연성),유연성,초급
340,5,어르신,https://www.youtube.com/watch?v=yC9FdKEaqCI,어깨 스트레칭 (동적유연성),유연성,초급
341,5,어르신,https://www.youtube.com/watch?v=w-pVRkpS52A,골반 스트레칭 1 (동적유연성),유연성,초급
342,5,어르신,https://www.youtube.com/watch?v=ABZyRvGniwc,어깨 양 옆으로 돌리기 (동적유연성),유연성,초급
343,5,어르신,https://www.youtube.com/watch?v=eBph0cuvMt8,골반 스트레칭 2 (동적유연성),유연성,초급
344,5,어르신,https://www.youtube.com/watch?v=rJ4D69MIZ5s,몸통 앞으로 굽혀 걷기 (동적유연성),유연성,초급
345,5,어르신,https://www.youtube.com/watch?v=2SSjtjcLcU0,"종아리 스트레칭 (파트너, 짝운동)",유연성,초급
346,5,어르신,https://www.youtube.com/watch?v=qSB321IIFSE,"엉덩이 스트레칭 2 (파트너, 짝운동)",유연성,초급
347,5,어르신,https://www.youtube.com/watch?v=8-p2-_fIcn4,"대퇴사두근 스트레칭 (파트너, 짝운동)",유연성,초급
348,5,어르신,https://www.youtube.com/watch?v=knb9YegrJO4,"내전근 스트레칭 (파트너, 짝운동)",유연성,초급
349,5,어르신,https://www.youtube.com/watch?v=o8uK0ayln7M,"엉덩이 스트레칭 1 (파트너, 짝운동)",유연성,초급
350,5,어르신,https://www.youtube.com/watch?v=FcsQJK46SEo,"대퇴이두근 스트레칭 2 (파트너, 짝운동)",유연성,초급
351,5,어르신,https://www.youtube.com/watch?v=kKJkjq_ZZdg,"대퇴이두근 스트레칭 1 (파트너, 짝운동)",유연성,초급
352,5,어르신,https://www.youtube.com/watch?v=MsP05OfVP4c,"고관절 스트레칭 (파트너, 짝운동)",유연성,초급
353,5,어르신,https://www.youtube.com/watch?v=g_zKSHdm820,"마주 앉아 대퇴이두근 스트레칭 1 (파트너, 짝운동)",유연성,초급
354,5,어르신,https://www.youtube.com/watch?v=lyu7eqffLm4,"마주 앉아 대퇴이두근 스트레칭 2 (파트너, 짝운동)",유연성,초급
355,5,어르신,https://www.youtube.com/watch?v=aTB58RTHsNo,"등 대고 대퇴이두근 스트레칭 (파트너, 짝운동)",유연성,초급
356,5,어르신,https://www.youtube.com/watch?v=uOIgGoEbmX8,"누워서 몸통 비틀기 (파트너, 짝운동)",유연성,초급
357,5,어르신,https://www.youtube.com/watch?v=3uH4pZ8fYuc,"어깨 스트레칭 (파트너, 짝운동)",유연성,초급
358,5,어르신,https://www.youtube.com/watch?v=90_jERrA-yA,"회전근개 스트레칭 2 (파트너, 짝운동)",유연성,초급
359,5,어르신,https://www.youtube.com/watch?v=VbLuU5TvtQI,"회전근개 스트레칭 1 (파트너, 짝운동)",유연성,초급
360,5,어르신,https://www.youtube.com/watch?v=s-md_CpC284,"가슴·어깨 스트레칭 (파트너, 짝운동)",유연성,초급
361,5,어르신,https://www.youtube.com/watch?v=ohhSCl00CuM,"앉아서 몸통 비틀기 (파트너, 짝운동)",유연성,초급
362,5,어르신,https://www.youtube.com/watch?v=vqkEzHFrbMo,"전신 틀어 손뼉 마주치기 (파트너, 짝운동)",유연성,초급
363,5,어르신,https://www.youtube.com/watch?v=DuT2CxXpjMI,엉덩이 스트레칭 (소도구_짐볼),유연성,"중급, 초급"
364,5,어르신,https://www.youtube.com/watch?v=tOa3El4i6tw,등 스트레칭 (소도구_짐볼),유연성,"중급, 초급"
365,5,어르신,https://www.youtube.com/watch?v=L_YRhObjzns,복부 스트레칭 (소도구_짐볼),유연성,"중급, 초급"
366,5,어르신,https://www.youtube.com/watch?v=ElJ8SfLdGqI,무릎 아래에서 양옆으로 굴리기 (소도구_짐볼),유연성,"중급, 초급"
367,5,어르신,https://www.youtube.com/watch?v=KOdeSjgCKto,짐볼 양팔로 밀기 (소도구_짐볼),유연성,"중급, 초급"
368,5,어르신,https://www.youtube.com/watch?v=rdxaCs7XXc0,짐볼 옆에 두고 어깨 누르기 (소도구_짐볼),유연성,"중급, 초급"
369,5,어르신,https://www.youtube.com/watch?v=swOnOMiCljg,짐볼 양옆으로 굴리기 (소도구_짐볼),유연성,"중급, 초급"
370,5,어르신,https://www.youtube.com/watch?v=dl0loiuKJaU,짐볼 앞으로 밀기 (소도구_짐볼),유연성,"중급, 초급"
371,5,어르신,https://www.youtube.com/watch?v=bWmGuFHik6A,비복근 스트레칭 (소도구_의자),유연성,초급
372,5,어르신,https://www.youtube.com/watch?v=YRrAjY5OybY,발가락 폄근 스트레칭 (소도구_의자),유연성,초급
373,5,어르신,https://www.youtube.com/watch?v=VeZl905pjww,대퇴사두근 스트레칭 (소도구_의자),유연성,초급
374,5,어르신,https://www.youtube.com/watch?v=kpSbL_iyUBs,엉덩이 스트레칭 (소도구_의자),유연성,초급
375,5,어르신,https://www.youtube.com/watch?v=kqDHbTQdAnI,내전근 스트레칭 (소도구_의자),유연성,초급
376,5,어르신,https://www.youtube.com/watch?v=wx2v-DU9kr8,몸 앞으로 굽히기 (소도구_의자),유연성,초급
377,5,어르신,https://www.youtube.com/watch?v=YncA0tqI5VA,옆구리 스트레칭 (소도구_의자),유연성,초급
378,5,어르신,https://www.youtube.com/watch?v=R4oPhjIJoLw,등/어깨뒤쪽 스트레칭 (소도구_의자),유연성,초급
379,5,어르신,https://www.youtube.com/watch?v=6ws5Ze7ootE,팔꿈치 맞닿아 원그리기 (소도구_의자),유연성,초급
380,5,어르신,https://www.youtube.com/watch?v=_tiMBPQ4YpM,가슴 스트레칭 (소도구_의자),유연성,초급
381,5,어르신,https://www.youtube.com/watch?v=ol2kvAp7TRc,목 스트레칭 (소도구_의자),유연성,초급
382,5,어르신,https://www.youtube.com/watch?v=rsRM5ivIHCw,몸통 비틀기 (소도구_의자),유연성,초급
383,3,청소년,https://www.youtube.com/watch?v=3C-1-RnAkN4,콘 운동,민첩성,중급
384,3,청소년,https://www.youtube.com/watch?v=nzn5cX71hUM,짝 스트레칭,유연성,초급
385,5,어르신,https://www.youtube.com/watch?v=M6FcoGdpiGg,폼롤러 밀며 몸 앞으로 숙이기 (소도구_폼롤러),유연성,초급
386,5,어르신,https://www.youtube.com/watch?v=L8sgBZ6j6E0,폼롤러 앞으로 굴리기 (소도구_폼롤러),유연성,초급
387,5,어르신,https://www.youtube.com/watch?v=tW-HIasaQoI,옆으로 누워 폼롤러 굴려주기 (소도구_폼롤러),유연성,초급
388,5,어르신,https://www.youtube.com/watch?v=cAX-9tpajlo,가슴 스트레칭 (소도구_폼롤러),유연성,초급
389,5,어르신,https://www.youtube.com/watch?v=E6Z1S5o3VHQ,옆으로 누워 가슴 열기 (소도구_폼롤러),유연성,초급
390,5,어르신,https://www.youtube.com/watch?v=pl83Q_CX5PE,팔 교대로 올리기 (소도구_폼롤러),유연성,초급
391,5,어르신,https://www.youtube.com/watch?v=KD3bRZnEvOU,어깨 스트레칭 (소도구_폼롤러),유연성,초급
392,5,어르신,https://www.youtube.com/watch?v=vQ2hu1qlWbM,어깨 올리기 (소도구_폼롤러),유연성,초급
393,5,어르신,https://www.youtube.com/watch?v=o9AwtuC8tcI,척추 스트레칭 (소도구_폼롤러),유연성,초급
394,5,어르신,https://www.youtube.com/watch?v=V0QgXsA6Zv0,골반 스트레칭 2 (소도구_짐볼),유연성,"중급, 초급"
395,5,어르신,https://www.youtube.com/watch?v=ojFLac-fzaE,골반 스트레칭 1 (소도구_짐볼),유연성,"중급, 초급"
396,3,청소년,https://www.youtube.com/watch?v=EwprpXnHJwI,짐볼 운동,협응성,중급
397,3,청소년,https://www.youtube.com/watch?v=AjP1ntmtMQk,정적 스트레칭,유연성,초급
398,3,청소년,https://www.youtube.com/watch?v=BI-JCOyZb0o,저항밴드 운동,"근지구력, 근력",중급
399,3,청소년,https://www.youtube.com/watch?v=w-8hG1ecvXk,사다리 운동,민첩성,중급
400,3,청소년,https://www.youtube.com/watch?v=8Cy7A9VL5xI,웨이트 트레이닝,"근지구력, 근력",중급
401,3,청소년,https://www.youtube.com/watch?v=nmEo2qR-r70,박스 운동,순발력,중급
402,3,청소년,https://www.youtube.com/watch?v=irR1kS8vUPs,요가 및 필라테스,유연성,"중급, 초급"
403,3,청소년,https://www.youtube.com/watch?v=dbBOS6XEQcY,바운딩 운동,순발력,중급
404,3,청소년,https://www.youtube.com/watch?v=POn6_6uSNpw,메디신볼 운동,협응성,중급
405,3,청소년,https://www.youtube.com/watch?v=8rYcSq4lF20,맨몸운동,"근지구력, 근력",중급
406,3,청소년,https://www.youtube.com/watch?v=wKxfDV7j44I,동적 스트레칭,유연성,초급
407,3,청소년,https://www.youtube.com/watch?v=baeEwhAaAcw,온 몸 뻗어주기,유연성,초급
408,3,청소년,https://www.youtube.com/watch?v=UdZGUv4wlXY,양발 벌려 무릎 밀어내기,유연성,초급
409,3,청소년,https://www.youtube.com/watch?v=RYn1twwWtqM,서서 발목 뒤로 당기기,유연성,초급
410,3,청소년,https://www.youtube.com/watch?v=jq3VnBfOwoY,서서 발목 누르기,유연성,초급
411,3,청소년,https://www.youtube.com/watch?v=bJtOZVdo5fc,양발 교차하여 서서 몸통 숙이기,유연성,초급
412,3,청소년,https://www.youtube.com/watch?v=UJw4Ygz2Hv8,누워 발목 당겨주기,유연성,초급
413,3,청소년,https://www.youtube.com/watch?v=OaCKyOroRzQ,무릎당겨 다리 올리기,유연성,초급
414,3,청소년,https://www.youtube.com/watch?v=ETIxjvO9jIA,다리모아 무릎 누르기,유연성,초급
415,3,청소년,https://www.youtube.com/watch?v=9wnZBWk0nr8,다리뻗어 상체 숙이기,유연성,초급
416,3,청소년,https://www.youtube.com/watch?v=3thojLBe9OY,무릎 당겨올리기,유연성,초급
417,3,청소년,https://www.youtube.com/watch?v=oCC0g9Snqps,의자에 앉아 옆구리 숙이기,유연성,초급
418,3,청소년,https://www.youtube.com/watch?v=xn8QBBZdqF4,엎드려 상체 들어올리기,유연성,초급
419,3,청소년,https://www.youtube.com/watch?v=wlzouLNjZnc,척추 들어올리기,유연성,초급
420,3,청소년,https://www.youtube.com/watch?v=pkjirZ3ZH0w,옆구리 스트레칭,유연성,초급
421,3,청소년,https://www.youtube.com/watch?v=Q2luEQI8n_g,서서 한팔 들어 오른쪽·왼쪽 뻗기,유연성,초급
422,3,청소년,https://www.youtube.com/watch?v=u-4PKzw0gbk,의자에 앉아 가슴·몸통 말아주기,유연성,초급
423,3,청소년,https://www.youtube.com/watch?v=T9DeIorl-UA,다리굽혀 허리 비틀기,유연성,초급
424,3,청소년,https://www.youtube.com/watch?v=P541qzMUzqI,몸통 스프레칭,유연성,초급
425,3,청소년,https://www.youtube.com/watch?v=nqvDfch6Nak,의자에 앉아 몸통 비틀기,유연성,초급
426,3,청소년,https://www.youtube.com/watch?v=QURU9hZBpxY,의자에 앉아 가슴 뒤로 젖히기,유연성,초급
427,3,청소년,https://www.youtube.com/watch?v=P57sd08iiZg,팔꿈치 머리 뒤로 젖히기,유연성,초급
428,3,청소년,https://www.youtube.com/watch?v=ZHK8lJXGUaw,깍지끼고 목 들어올리기,유연성,초급
429,3,청소년,https://www.youtube.com/watch?v=ekjrE3rt4wA,목 당기기,유연성,초급
430,3,청소년,https://www.youtube.com/watch?v=1cfaNDv7zxE,한발들어 좌우 돌리기,유연성,초급
431,3,청소년,https://www.youtube.com/watch?v=kIZZ3-hb5I4,다리벌려 풍차돌기,유연성,초급
432,3,청소년,https://www.youtube.com/watch?v=JOiQ_4pKn10,자세낮춰 이동하기,유연성,초급
433,3,청소년,https://www.youtube.com/watch?v=nvNF5RVOcF0,다리 들어올리기,유연성,초급
434,3,청소년,https://www.youtube.com/watch?v=ij_VejOk_qk,전신 비틀며 전진하기,유연성,초급
435,3,청소년,https://www.youtube.com/watch?v=YvYyEENTErI,네발 걷기,유연성,초급
436,3,청소년,https://www.youtube.com/watch?v=l3M5DazLqH4,팔 돌리며 점프하기,유연성,초급
437,3,청소년,https://www.youtube.com/watch?v=li5_o-mrmY4,옆으로 팔 벌리며 점프하기,유연성,초급
438,3,청소년,https://www.youtube.com/watch?v=E4JM5JyfUo0,허리숙여 양팔 돌리기,유연성,초급
439,3,청소년,https://www.youtube.com/watch?v=2-K0RagzhNA,전진 점프하며 발 뒤꿈치 찍기,유연성,초급
440,3,청소년,https://www.youtube.com/watch?v=B-3vcZl8CEs,전진 점프하며 발바닥 찍기,유연성,초급
441,3,청소년,https://www.youtube.com/watch?v=TlbhGjLiVW8,빠르게 무릎 올려찍기,유연성,초급
442,3,청소년,https://www.youtube.com/watch?v=D6K8cstq2vA,무릎굽혀 원 그리기,유연성,초급
443,3,청소년,https://www.youtube.com/watch?v=ff6z_bS-75g,다리들어 옆으로 올리기,유연성,초급
444,3,청소년,https://www.youtube.com/watch?v=JZctdEOGJss,무릎 들어올리기,유연성,초급
445,3,청소년,https://www.youtube.com/watch?v=aIrdUGoI32I,팔꿈치 원 그리기,유연성,초급
446,3,청소년,https://www.youtube.com/watch?v=-UCNGXY5n-k,목 돌리기,유연성,초급
447,3,청소년,https://www.youtube.com/watch?v=Sb3tMyCv-LI,발등 동시에 늘리기,유연성,초급
448,3,청소년,https://www.youtube.com/watch?v=KdMbFfuqKDo,마주보고 종이리 펴기,유연성,초급
449,3,청소년,https://www.youtube.com/watch?v=L4mQHcwZk1E,엉덩이 늘리기,유연성,초급
450,3,청소년,https://www.youtube.com/watch?v=tgLv_XlFm90,앉아서 상체 앞·옆으로 기울기,유연성,초급
451,3,청소년,https://www.youtube.com/watch?v=VzTSZ5IR6T4,한쪽 다리펴고 상체 숙이기,유연성,초급
452,3,청소년,https://www.youtube.com/watch?v=16kBnjtxKqA,상체 앞으로 숙이기,유연성,초급
453,3,청소년,https://www.youtube.com/watch?v=3TVzVGyBYyQ,웅크리고 앉아 손잡고 상체 숙이기,유연성,초급
454,3,청소년,https://www.youtube.com/watch?v=xY8usGtw0c4,마주보고 상체 좌우 비틀기,유연성,초급
455,3,청소년,https://www.youtube.com/watch?v=x9pZHUdv3NI,가슴·어깨 펴기,유연성,초급
456,3,청소년,https://www.youtube.com/watch?v=MYL1mKEcENU,나란히 서서 손잡고 끌어당기기,유연성,초급
457,3,청소년,https://www.youtube.com/watch?v=Am7pXgHCeEc,어깨 누르기,유연성,초급
458,3,청소년,https://www.youtube.com/watch?v=gXUCHOXzDQA,팔 당기기,유연성,초급
459,3,청소년,https://www.youtube.com/watch?v=lSqDCbT04_U,몸통 비틀기,유연성,초급
460,3,청소년,https://www.youtube.com/watch?v=wDkTrB_vqhQ,겨드랑이 늘리기,유연성,초급
461,3,청소년,https://www.youtube.com/watch?v=J_AwzVFuq9Q,목 스트레칭,유연성,초급
462,3,청소년,https://www.youtube.com/watch?v=o9rVEWJmw04,나무자세,유연성,초급
463,3,청소년,https://www.youtube.com/watch?v=bGoseV7XdYg,시소우,유연성,초급
464,3,청소년,https://www.youtube.com/watch?v=SIBvVDXxgJE,레그 스윙,유연성,초급
465,3,청소년,https://www.youtube.com/watch?v=gcnHubO58_w,측면에 팔대고 버티기,유연성,초급
466,3,청소년,https://www.youtube.com/watch?v=h9VaKq1NgzA,합장하여 앞으로 숙이기,유연성,초급
467,3,청소년,https://www.youtube.com/watch?v=ew0FGfiNo7E,전갈자세,유연성,초급
468,3,청소년,https://www.youtube.com/watch?v=FaHlSUzemwE,회전 초승달 자세,유연성,초급
469,3,청소년,https://www.youtube.com/watch?v=9NFqY-70xG0,전사자세,유연성,초급
470,3,청소년,https://www.youtube.com/watch?v=OkP9Af1oi6Q,소머리 자세,유연성,초급
471,3,청소년,https://www.youtube.com/watch?v=A0E7DRnQ_Q4,다리자세,유연성,초급
472,3,청소년,https://www.youtube.com/watch?v=HaMZOnbpNpg,모관운동,유연성,초급
473,3,청소년,https://www.youtube.com/watch?v=v9sTf7ZrVcI,앉은 산 자세,유연성,초급
474,3,청소년,https://www.youtube.com/watch?v=qN3SBclxZJI,결가부좌,유연성,초급
475,3,청소년,https://www.youtube.com/watch?v=7SaM81FwOaM,아기자세,유연성,초급
476,3,청소년,https://www.youtube.com/watch?v=fSBlJv9LtTo,휴식자세,유연성,초급
477,3,청소년,https://www.youtube.com/watch?v=E39duPLfufI,왜가리 자세,유연성,초급
478,3,청소년,https://www.youtube.com/watch?v=JtYg2OKbNyY,나비 자세,유연성,초급
479,3,청소년,https://www.youtube.com/watch?v=njziTUqaACU,발 끝 당기기,유연성,초급
480,3,청소년,https://www.youtube.com/watch?v=V_QyTCcKpbY,엎드려 한발 원 그리기,유연성,초급
481,3,청소년,https://www.youtube.com/watch?v=sVESU0zsN8M,발목 돌리기,유연성,초급
482,3,청소년,https://www.youtube.com/watch?v=YuaaitvaPTk,누워 한발 원 그리기,유연성,초급
483,3,청소년,https://www.youtube.com/watch?v=-FEkhKrOibI,물고기 자세,유연성,초급
484,3,청소년,https://www.youtube.com/watch?v=kz5XRTGXDbM,한 발 뒤로 들어올리기,"근지구력, 근력",중급
485,3,청소년,https://www.youtube.com/watch?v=TEPwppVaXOI,다리 감아올리기,"근지구력, 근력",중급
486,3,청소년,https://www.youtube.com/watch?v=rUcEA_Qk8R8,상체 감아올리기,"근지구력, 근력",중급
487,3,청소년,https://www.youtube.com/watch?v=MLucwQQhV7w,뒤로 팔 뻗기,"근지구력, 근력",중급
488,3,청소년,https://www.youtube.com/watch?v=2qLcXILOz8o,스타 투 니 풀,유연성,초급
489,3,청소년,https://www.youtube.com/watch?v=bOM-pdr24kE,런지하며 상체 비틀기,"근지구력, 근력",중급
490,3,청소년,https://www.youtube.com/watch?v=jcIP1dSsFxY,반달 자세,유연성,초급
491,3,청소년,https://www.youtube.com/watch?v=gMSjGShXau0,고양이 자세,유연성,초급
492,3,청소년,https://www.youtube.com/watch?v=vcsuFADyX5k,팔 들어 올리며 런지,"근지구력, 근력",중급
493,3,청소년,https://www.youtube.com/watch?v=wwiseQa4ea4,앉았다 일어서며 팔 들어올리기,"근지구력, 근력",중급
494,3,청소년,https://www.youtube.com/watch?v=mZTd06yXVT0,복식 호흡,유연성,초급
495,3,청소년,https://www.youtube.com/watch?v=jI_cfentmYY,발에 밴드걸고 윗몸일으키기,"근지구력, 근력",중급
496,3,청소년,https://www.youtube.com/watch?v=bTkIxb2k034,옆으로 굽히기,"근지구력, 근력",중급
497,3,청소년,https://www.youtube.com/watch?v=CFCe-9XoOGY,한 발 끌어당기기,"근지구력, 근력",중급
498,3,청소년,https://www.youtube.com/watch?v=Ikbt7w7SFwk,한 발 들어올리기,"근지구력, 근력",중급
499,3,청소년,https://www.youtube.com/watch?v=-L-MzlMAxFo,앉아서 무릎 굽히기,"근지구력, 근력",중급
500,3,청소년,https://www.youtube.com/watch?v=-w1qoYbzKtM,앉아서 다리 올리기,"근지구력, 근력",중급
501,3,청소년,https://www.youtube.com/watch?v=FAJU6F7lusU,양팔 크게 벌리기,"근지구력, 근력",중급
502,3,청소년,https://www.youtube.com/watch?v=dke75bdV9F0,팔꿈치 고정 후 벌리기,"근지구력, 근력",중급
503,3,청소년,https://www.youtube.com/watch?v=fGZmGAxlD_M,앉았다 일어서기,"근지구력, 근력",중급
504,3,청소년,https://www.youtube.com/watch?v=z9Bju8js6tQ,앉아서 몸통 움츠리기,"근지구력, 근력",중급
505,3,청소년,https://www.youtube.com/watch?v=z8xSOpQCLlw,몸통 옆으로 굽히기,"근지구력, 근력",중급
506,3,청소년,https://www.youtube.com/watch?v=ko1U2ABJX1E,앉아서 다리 펴기,"근지구력, 근력",중급
507,3,청소년,https://www.youtube.com/watch?v=Uw0rpIPj-r4,누워서 다리 굽히기,"근지구력, 근력",중급
508,3,청소년,https://www.youtube.com/watch?v=3yLp2S8OAHw,다리 넓게 벌려 앉았다 일어서기,"근지구력, 근력",중급
509,3,청소년,https://www.youtube.com/watch?v=PfV95YckRMQ,앉아서 당겨 내리기,"근지구력, 근력",중급
510,3,청소년,https://www.youtube.com/watch?v=uo5aA9W5chY,앉아서 양팔 당기기,"근지구력, 근력",중급
511,3,청소년,https://www.youtube.com/watch?v=2UYKypuDMu0,앉아서 가슴 모으기,"근지구력, 근력",중급
512,3,청소년,https://www.youtube.com/watch?v=UKsMMfmd7_o,발 바꿔 뛰기,"근지구력, 근력",중급
513,3,청소년,https://www.youtube.com/watch?v=dFSpHOh1j8Q,몸통 들어올리기,"근지구력, 근력",중급
514,3,청소년,https://www.youtube.com/watch?v=zgHj7pnq7B4,팔다리 교차 버티기,"근지구력, 근력",중급
515,3,청소년,https://www.youtube.com/watch?v=KONKuIKu2lc,다리 뻗어 올리기,"근지구력, 근력",중급
516,3,청소년,https://www.youtube.com/watch?v=D-zUdZ-xzGs,누워 무릎 기울기,"근지구력, 근력",중급
517,3,청소년,https://www.youtube.com/watch?v=yy5_zfTSuVg,윗몸일으키기,"근지구력, 근력",중급
518,3,청소년,https://www.youtube.com/watch?v=as-bA6n799M,전완대고 버티기,"근지구력, 근력",중급
519,3,청소년,https://www.youtube.com/watch?v=mmC04HOVYKc,의자에 앉아 물병 들고 몸통 돌리기,"근지구력, 근력","중급, 초급"
520,3,청소년,https://www.youtube.com/watch?v=FBbAIdQnuxE,누워 다리 들어올리기,"근지구력, 근력",중급
521,3,청소년,https://www.youtube.com/watch?v=pRkHswoTbro,바로서서 상체 숙이기,"근지구력, 근력",중급
522,3,청소년,https://www.youtube.com/watch?v=Cp2cbnP4WJQ,뒤로 팔굽혀펴기,"근지구력, 근력",중급
523,3,청소년,https://www.youtube.com/watch?v=AQReD1zHx_k,짐볼 전완대고 버티기,협응성,중급
524,3,청소년,https://www.youtube.com/watch?v=g6dvWSqiRG8,누워 무릎 교차 올리기,협응성,중급
525,3,청소년,https://www.youtube.com/watch?v=hsZnZO475IE,앉아서 몸통 움츠리기,"근지구력, 근력",중급
526,3,청소년,https://www.youtube.com/watch?v=LfKv0eYnuOY,몸통 옆으로 굽히기,"근지구력, 근력",중급
527,3,청소년,https://www.youtube.com/watch?v=_zAgw6exWvE,앉아서 다리 펴기,"근지구력, 근력",중급
528,3,청소년,https://www.youtube.com/watch?v=H2NIwkEiSCo,누워서 다리 굽히기,"근지구력, 근력",중급
529,3,청소년,https://www.youtube.com/watch?v=TmR7iEcnUt8,다리 넓게 벌려 앉았다 일어서기,"근지구력, 근력",중급
530,3,청소년,https://www.youtube.com/watch?v=pNaLUUsmwbo,앉아서 당겨 내리기,"근지구력, 근력",중급
531,3,청소년,https://www.youtube.com/watch?v=0SAWlcoMj2U,앉아서 양팔 당기기,"근지구력, 근력",중급
532,3,청소년,https://www.youtube.com/watch?v=Gdvoe78BZgc,앉아서 가슴 모으기,"근지구력, 근력",중급
533,3,청소년,https://www.youtube.com/watch?v=GBarzQdL1ts,누워서 팔 밀기,"근지구력, 근력",중급
534,3,청소년,https://www.youtube.com/watch?v=UGgk7Jw_f1U,크런치 싸이클,"근지구력, 근력",중급
535,3,청소년,https://www.youtube.com/watch?v=pTtqoa8qCKw,버피 테스트,"근지구력, 근력",중급
536,3,청소년,https://www.youtube.com/watch?v=PnDUsgRitJ0,엎드려 팔다리 교차올리기,"근지구력, 근력",중급
537,3,청소년,https://www.youtube.com/watch?v=n2lX8Dz__PU,연속 사이드 스쿼트,"근지구력, 근력","고급, 중급"
538,3,청소년,https://www.youtube.com/watch?v=rgKPttoiNJs,앞굽이 앉았다 일어서기,"근지구력, 근력",중급
539,3,청소년,https://www.youtube.com/watch?v=vuhFot3rABE,앉았다 일어서기,"근지구력, 근력",중급
540,3,청소년,https://www.youtube.com/watch?v=IDZ8XwriXkQ,손 뻗어 윗몸 일으키기,"근지구력, 근력",중급
541,3,청소년,https://www.youtube.com/watch?v=L-buLs6yyvg,V자 싸이클,"근지구력, 근력",중급
542,3,청소년,https://www.youtube.com/watch?v=QdEzjA3RzYY,팔굽혀펴기,"근지구력, 근력",중급
543,3,청소년,https://www.youtube.com/watch?v=FVBBoEBofyk,백 슬라이드,협응성,중급
544,3,청소년,https://www.youtube.com/watch?v=7x1f5Vw9z2Y,양손 모아 균형잡기,협응성,중급
545,3,청소년,https://www.youtube.com/watch?v=nLo057SU6gg,다리 교대로 들어올리기,협응성,중급
546,3,청소년,https://www.youtube.com/watch?v=FG4fgAVaIuw,짐볼 윗몸일으키기,협응성,중급
547,3,청소년,https://www.youtube.com/watch?v=ceGY9Aj9VEI,짐볼 배에 대고 버티기,협응성,중급
548,3,청소년,https://www.youtube.com/watch?v=BRg2g_LmpZk,양발 교차 올리기,협응성,중급
549,3,청소년,https://www.youtube.com/watch?v=Ep0y6bHJdzE,허리 비틀어 볼 주고받기,협응성,중급
550,3,청소년,https://www.youtube.com/watch?v=2_zjFKCaHpw,볼 잡고 점프하기,협응성,중급
551,3,청소년,https://www.youtube.com/watch?v=Nao01R4933o,메디신 볼 잡고 런지하며 상체비틀기,협응성,중급
552,3,청소년,https://www.youtube.com/watch?v=J0nD1LVqH4c,종아리 사이 감아 돌리기,협응성,중급
553,3,청소년,https://www.youtube.com/watch?v=xPkHrz-hhxo,볼 튕기면서 스쿼트,협응성,고급
554,3,청소년,https://www.youtube.com/watch?v=vNYnHTneaWg,메디신 볼 잡고 팔굽혀펴기,협응성,중급
555,3,청소년,https://www.youtube.com/watch?v=nNNKJyUoUtc,허리 감아 볼 돌리기,협응성,중급
556,3,청소년,https://www.youtube.com/watch?v=MtFaiiF6Ps8,볼 잡고 몸통 기울이기,협응성,중급
557,3,청소년,https://www.youtube.com/watch?v=5lIHcPM93FY,머리 위로 볼 돌리기,협응성,중급
558,3,청소년,https://www.youtube.com/watch?v=ECcwk8pYwnM,수영,심폐지구력,중급
559,3,청소년,https://www.youtube.com/watch?v=LzpiFYj3pC8,줄넘기,심폐지구력,중급
560,3,청소년,https://www.youtube.com/watch?v=eWnb9H-GS2Y,자전거타기,심폐지구력,중급
561,3,청소년,https://www.youtube.com/watch?v=RpSDn8NCm04,조깅,심폐지구력,중급
562,3,청소년,https://www.youtube.com/watch?v=_KSiQqsgKVc,걷기,심폐지구력,중급
563,3,청소년,https://www.youtube.com/watch?v=8u0wqVq2Vkk,팔굽혀펴기 후 점프하기,순발력,중급
564,3,청소년,https://www.youtube.com/watch?v=HEXaFDYP-Kw,좌우 이동하며 팔굽혀펴기,순발력,중급
565,3,청소년,https://www.youtube.com/watch?v=1E_yysU93aU,연속 상향 점프하기,순발력,중급
566,3,청소년,https://www.youtube.com/watch?v=b61cDTnQ4Eg,한발로 점프하기,순발력,중급
567,3,청소년,https://www.youtube.com/watch?v=KTcf_Z6-IUc,좌우 양발모아 점프하기,순발력,중급
568,3,청소년,https://www.youtube.com/watch?v=gTYn0zSOxBk,연속 하향 점프하기,순발력,중급
569,3,청소년,https://www.youtube.com/watch?v=NVjWPGvUyCs,빠르게 앞무릎 올리기,순발력,중급
570,3,청소년,https://www.youtube.com/watch?v=id47Irq6AZA,사이드 스텝 점프하기,순발력,중급
571,3,청소년,https://www.youtube.com/watch?v=LtCeIfz2sJk,점프 후 버티기,순발력,중급
572,3,청소년,https://www.youtube.com/watch?v=-p97wrNEHOs,양발 점프 착지하기,순발력,중급
573,3,청소년,https://www.youtube.com/watch?v=Yg9m7HBhujE,다리 뻗어 점프하기,순발력,중급
574,3,청소년,https://www.youtube.com/watch?v=sx8wmosOr58,사이드 한발 뛰기,순발력,중급
575,3,청소년,https://www.youtube.com/watch?v=DRDnwdYas34,앞차기하며 뛰기,순발력,중급
576,3,청소년,https://www.youtube.com/watch?v=bm8IkryOeGg,양팔 벌려 높이 뛰기,순발력,중급
577,3,청소년,https://www.youtube.com/watch?v=DZav3lpO4cc,앉았다 일어나며 점프하기,순발력,중급
578,3,청소년,https://www.youtube.com/watch?v=O6jK17-Ph3w,앞굽이 뛰기,순발력,중급
579,3,청소년,https://www.youtube.com/watch?v=6ZgR7yHNM1k,제자리 멀리 뛰기,순발력,중급
580,3,청소년,https://www.youtube.com/watch?v=KGP2_kU9zcE,뛰어 밀기,순발력,중급
581,3,청소년,https://www.youtube.com/watch?v=rRuqazTs5GY,팔 벌려 뛰기,순발력,중급
582,3,청소년,https://www.youtube.com/watch?v=HrkVnPTkPUk,빠르게 무릎 들어 뛰기,순발력,중급
583,3,청소년,https://www.youtube.com/watch?v=HFJZQGaV9Ck,점프하며 뛰기,순발력,중급
584,3,청소년,https://www.youtube.com/watch?v=mlp4kMLikpo,무릎 높이 들어 뛰기,순발력,중급
585,3,청소년,https://www.youtube.com/watch?v=3974cYTQiJk,뒤꿈치 높이 들어 뛰기,순발력,중급
586,3,청소년,https://www.youtube.com/watch?v=4Z4ArI88HDM,순간반응 콘 찍기 2,민첩성,중급
587,3,청소년,https://www.youtube.com/watch?v=ACo-byg8ZG4,순간반응 콘 찍기 1,민첩성,중급
588,3,청소년,https://www.youtube.com/watch?v=jvun0lyR_rs,사이드 지그재그 뛰기,민첩성,중급
589,3,청소년,https://www.youtube.com/watch?v=T3lYQV-iY9g,전후 교차 뛰기,민첩성,중급
590,3,청소년,https://www.youtube.com/watch?v=xfMn91zDn1o,한발 연속 뛰기,민첩성,중급
591,3,청소년,https://www.youtube.com/watch?v=_haFiZ0e79k,무릎 들어 연속 뛰기,민첩성,중급
592,3,청소년,https://www.youtube.com/watch?v=7fqpjj6RHFg,앞뒤 지그재그 뛰기,민첩성,중급
593,3,청소년,https://www.youtube.com/watch?v=I_dco85NseI,W스텝,민첩성,중급
594,3,청소년,https://www.youtube.com/watch?v=kcnddDQBVpg,사이드 스텝,민첩성,중급
595,3,청소년,https://www.youtube.com/watch?v=w8QX90ispRk,양발 연속 뛰기,민첩성,중급
596,3,청소년,https://www.youtube.com/watch?v=u_8vvQK4px4,뒷발 교차 뛰기,민첩성,중급
597,3,청소년,https://www.youtube.com/watch?v=RzQQo6uotQ8,크게 다리벌려 교차 뛰기,민첩성,중급
598,3,청소년,https://www.youtube.com/watch?v=xcydCMLSnbk,양발 교차 뛰기,민첩성,중급
599,3,청소년,https://www.youtube.com/watch?v=XkxLsdeQC0w,한발 앞뒤 교차 뛰기,민첩성,중급
600,3,청소년,https://www.youtube.com/watch?v=uvGUumbZfKY,빠른 발 안팎 뛰기,민첩성,중급
601,3,청소년,https://www.youtube.com/watch?v=5-ihW5_Idos,양발 모았다 벌려뛰기,민첩성,중급
602,3,청소년,https://www.youtube.com/watch?v=QZlZmNFRahw,한발 연속 뛰기,민첩성,중급
603,3,청소년,https://www.youtube.com/watch?v=PWfBI3LVWN8,양발 모아 좌우 뛰기,민첩성,중급
604,3,청소년,https://www.youtube.com/watch?v=1h8HHORhdDY,엇박자 뛰기,민첩성,중급
605,3,청소년,https://www.youtube.com/watch?v=hRurSt97FUI,빠른 발 뛰기,민첩성,중급
606,2,유소년,https://www.youtube.com/watch?v=RBkj5eAk8N0,계이름 치기,협응성,중급
607,2,유소년,https://www.youtube.com/watch?v=54fLPATKj50,공 던져 색깔 맞추기,협응성,중급
608,2,유소년,https://www.youtube.com/watch?v=83Y-Fp_lbf4,훌라후프로 공 끌고 가기,협응성,중급
609,2,유소년,https://www.youtube.com/watch?v=beu4oIY1vjE,벽 패스,협응성,중급
610,2,유소년,https://www.youtube.com/watch?v=wpRYvVFM-HA,공 양 손으로 주고 받기,협응성,중급
611,2,유소년,https://www.youtube.com/watch?v=LVgDNxRug0E,훌라후프 하며 앞으로 가기,협응성,중급
612,2,유소년,https://www.youtube.com/watch?v=S8MFxWv9wg4,라켓으로 공치며 앞으로 가기,협응성,중급
613,2,유소년,https://www.youtube.com/watch?v=z4ROS7dj1fA,무릎-허리 높이로 공 튕기기,협응성,중급
614,2,유소년,https://www.youtube.com/watch?v=byRsrO8qhpg,십(十)자 드리블,협응성,중급
615,2,유소년,https://www.youtube.com/watch?v=m-ISbQftC2E,공 위로 던지고 제자리 돌아 받기,협응성,중급
616,2,유소년,https://www.youtube.com/watch?v=vffvCksMUfg,양 손 번갈아 공 튕기기,협응성,중급
617,2,유소년,https://www.youtube.com/watch?v=hOgaVdOSwdw,의자 잡고 반복 옆 뛰기,민첩성,초급
618,2,유소년,https://www.youtube.com/watch?v=4gw_K966RAM,반복 옆 뛰기,민첩성,중급
619,2,유소년,https://www.youtube.com/watch?v=k7nYGwru9qo,십(十)자 달리기,민첩성,중급
620,2,유소년,https://www.youtube.com/watch?v=Fwp_dC6fY7U,S자 달리기,민첩성,중급
621,2,유소년,https://www.youtube.com/watch?v=_ZoCIx54eeA,점프하며 앞으로 나가기,민첩성,중급
622,2,유소년,https://www.youtube.com/watch?v=7BwpXiGOMjQ,4방향 콘 찍고 달리기,민첩성,중급
623,2,유소년,https://www.youtube.com/watch?v=MgxsqDqM9AQ,2단 줄넘기,순발력,중급
624,2,유소년,https://www.youtube.com/watch?v=ca_bJSTNiNE,연속 무릎 올리기,순발력,중급
625,2,유소년,https://www.youtube.com/watch?v=sx_cwgl6dGo,콘 뛰어넘기,순발력,중급
626,2,유소년,https://www.youtube.com/watch?v=LX1hy8AJYCE,대(大)자 점프 뛰기,순발력,중급
627,2,유소년,https://www.youtube.com/watch?v=bbLthsYBQDI,제자리 멀리 뛰기,순발력,중급
628,2,유소년,https://www.youtube.com/watch?v=rkfDOMaPDfw,점프해서 손 발끝 닿기,순발력,중급
629,2,유소년,https://www.youtube.com/watch?v=8KF6J_MMj7w,점프해서 발바닥 치기,순발력,중급
630,2,유소년,https://www.youtube.com/watch?v=tVuErfFGLaE,50M 달리기,순발력,중급
631,2,유소년,https://www.youtube.com/watch?v=aNpV1R-dcRU,벽 잡고 빨리 뛰기,순발력,중급
632,2,유소년,https://www.youtube.com/watch?v=C75IYA85mnk,잔발치기,순발력,중급
633,2,유소년,https://www.youtube.com/watch?v=ZUKM0wbqF4k,팔 빨리 흔들기,순발력,중급
634,2,유소년,https://www.youtube.com/watch?v=0hJraABwrQ4,다리 모아 뒤로 눕기,유연성,초급
635,2,유소년,https://www.youtube.com/watch?v=roGAu693-os,활 자세,유연성,초급
636,2,유소년,https://www.youtube.com/watch?v=BsW63YITwXg,엎드려 어깨 늘리기,유연성,초급
637,2,유소년,https://www.youtube.com/watch?v=NCc6T_T7JJ8,누워서 굽힌 다리 펴기,유연성,초급
638,2,유소년,https://www.youtube.com/watch?v=wp0vr0I8UEA,무릎 대고 옆으로 기울이기,유연성,초급
639,2,유소년,https://www.youtube.com/watch?v=ro5XgKye-4E,한발 뒤로 빼고 앞으로 굽히기,유연성,초급
640,2,유소년,https://www.youtube.com/watch?v=k2umioC4dn0,엎드려 교차 발 잡아당기기,유연성,초급
641,2,유소년,https://www.youtube.com/watch?v=UubzHdVpQjw,엎드려 상체 들어올리기,유연성,초급
642,2,유소년,https://www.youtube.com/watch?v=fgTEpCT_qT0,무릎 대고 상체 뒤로 젖히기,유연성,초급
643,2,유소년,https://www.youtube.com/watch?v=DSzbj4FpZ_w,앉아 윗몸 앞으로 굽히기,유연성,초급
644,2,유소년,https://www.youtube.com/watch?v=M95EiuTLuC4,앉아서 옆구리 늘려주기,유연성,초급
645,2,유소년,https://www.youtube.com/watch?v=z1fguNdHKLM,앉아서 한발 앞으로 굽히기,유연성,초급
646,2,유소년,https://www.youtube.com/watch?v=xnDoF8SHosI,다리 꼬아 상체 앞으로 숙이기,유연성,초급
647,2,유소년,https://www.youtube.com/watch?v=UbdHMbDdlfI,다리 모아 상체 숙이기,유연성,초급
648,2,유소년,https://www.youtube.com/watch?v=4Sh-l6LW2io,다리 벌려 옆으로 상체 숙이기,유연성,초급
649,2,유소년,https://www.youtube.com/watch?v=MyWN4BooK7A,한 발 앞굽이 팔 위로 뻗어 가슴 내밀기,유연성,초급
650,2,유소년,https://www.youtube.com/watch?v=oPEXWcRANJA,다리 벌려 앞으로 상체 숙이기,유연성,초급
651,2,유소년,https://www.youtube.com/watch?v=7lHtKJw7qTQ,발목 얹고 다리 잡아당기기,유연성,초급
652,2,유소년,https://www.youtube.com/watch?v=8iOLRNEXF0Y,다리 굽혀(W자) 상체 뒤로 눕기,유연성,초급
653,2,유소년,https://www.youtube.com/watch?v=sWMuG_CdohI,무릎 굽혀 가슴 닿기,유연성,초급
654,2,유소년,https://www.youtube.com/watch?v=AG_1Tvtobko,발바닥 마주대고 끌어당기기,유연성,초급
655,2,유소년,https://www.youtube.com/watch?v=NBpEWlVUiak,한 발 무릎 위 올려차기,심폐지구력,중급
656,2,유소년,https://www.youtube.com/watch?v=goxQEwmXISE,박스 옆으로 번갈아 뛰기,심폐지구력,중급
657,2,유소년,https://www.youtube.com/watch?v=S0R0DfN9uF8,다리 모았다 벌려 뛰기,심폐지구력,중급
658,2,유소년,https://www.youtube.com/watch?v=B_ZmgQ0r4G0,박스 오르내리기,심폐지구력,중급
659,2,유소년,https://www.youtube.com/watch?v=fo1FlS41oig,계단 오르기,심폐지구력,중급
660,2,유소년,https://www.youtube.com/watch?v=7Rqc2MhfqKU,1단 줄넘기,심폐지구력,중급
661,2,유소년,https://www.youtube.com/watch?v=npkhsPgJKxc,왕복 달리기,심폐지구력,중급
662,2,유소년,https://www.youtube.com/watch?v=uOEDN5JKB_Y,엎드려 무릎 연속 차기,심폐지구력,중급
663,2,유소년,https://www.youtube.com/watch?v=uy1T5QNARJ4,제자리 뛰기,심폐지구력,중급
664,2,유소년,https://www.youtube.com/watch?v=LXvXhGDda-c,허리 비틀어 앉았다 일어서기,"근지구력, 근력",중급
665,2,유소년,https://www.youtube.com/watch?v=aJ2URWnaYzU,무릎 올려 공 닿기,"근지구력, 근력",중급
666,2,유소년,https://www.youtube.com/watch?v=WXatlRyvZNM,밴드 잡고 다리 옆으로 벌리기,"근지구력, 근력",중급
667,2,유소년,https://www.youtube.com/watch?v=V3dy9zf-zeA,밴드 잡고 무릎 펴기,"근지구력, 근력",중급
668,2,유소년,https://www.youtube.com/watch?v=TeOzUtF_60o,의자에 앉아 다리 펴서 들어올리기,"근지구력, 근력","중급, 초급"
669,2,유소년,https://www.youtube.com/watch?v=96vKSCBl_WM,밴드 한 발 뒤로 들기,"근지구력, 근력",중급
670,2,유소년,https://www.youtube.com/watch?v=KLp2eCPRc6Q,발 뒤꿈치 들어올리기,"근지구력, 근력",중급
671,2,유소년,https://www.youtube.com/watch?v=3ofToKYGZX4,발 의자 올려 굽히기,"근지구력, 근력","중급, 초급"
672,2,유소년,https://www.youtube.com/watch?v=Wpy4zo0O-eo,앞발 들어올리기,"근지구력, 근력",중급
673,2,유소년,https://www.youtube.com/watch?v=ZPeV_MD9ZlY,다리 옆으로 들어올리기,"근지구력, 근력",중급
674,2,유소년,https://www.youtube.com/watch?v=trVV1QXctrk,앞으로 나가며 앉았다 일어서기,"근지구력, 근력",중급
675,2,유소년,https://www.youtube.com/watch?v=pC-Klz76ZA8,뒷발 의자 올려 굽히기,"근지구력, 근력","중급, 초급"
676,2,유소년,https://www.youtube.com/watch?v=qg6l38ZHUpA,교차 다리 굽히기,"근지구력, 근력",중급
677,2,유소년,https://www.youtube.com/watch?v=yn_JjLJaR4U,다리 앞뒤로 벌려 굽혔다 펴기,"근지구력, 근력",중급
678,2,유소년,https://www.youtube.com/watch?v=W87D90EHUjI,옆으로 다리 뻗기,"근지구력, 근력",중급
679,2,유소년,https://www.youtube.com/watch?v=CZl5Th--uhQ,앉았다 일어서기,"근지구력, 근력",중급
680,2,유소년,https://www.youtube.com/watch?v=EH2tnm66bpY,옆으로 누워 무릎 벌리기,"근지구력, 근력",중급
681,2,유소년,https://www.youtube.com/watch?v=LNH-Gh5GB1k,무릎 굽혀 엉덩이 들어올리기,"근지구력, 근력",중급
682,2,유소년,https://www.youtube.com/watch?v=LFdPiGNtGvs,엎드려 다리 들어올리기,"근지구력, 근력",중급
683,2,유소년,https://www.youtube.com/watch?v=39UIxnja2Mc,옆으로 누워 다리 들어올리기,"근지구력, 근력",중급
684,2,유소년,https://www.youtube.com/watch?v=s9KC6DIT8DY,써클휠로 다리 끌어당기기,"근지구력, 근력",중급
685,2,유소년,https://www.youtube.com/watch?v=pgx7kHmOd08,V자 버티기,"근지구력, 근력",중급
686,2,유소년,https://www.youtube.com/watch?v=08ZrHhPlqag,팔로 써클링 누르기,"근지구력, 근력",중급
687,2,유소년,https://www.youtube.com/watch?v=HxYEP4OxA6A,공 잡고 상체 들어올리기,"근지구력, 근력",중급
688,2,유소년,https://www.youtube.com/watch?v=9RlA3_KeEIg,무릎 구부려 상체 비틀기,"근지구력, 근력",중급
689,2,유소년,https://www.youtube.com/watch?v=jSyfdSN7348,밴드 앞으로 당기기,"근지구력, 근력",중급
690,2,유소년,https://www.youtube.com/watch?v=ATBODED9lpw,밴드 다리 올려 버티기,"근지구력, 근력",중급
691,2,유소년,https://www.youtube.com/watch?v=xfCUGYGnOas,밴드로 다리 올려 버티기,"근지구력, 근력",중급
692,2,유소년,https://www.youtube.com/watch?v=xiIJzYConj0,앉아서 밴드 당기기,"근지구력, 근력",중급
693,2,유소년,https://www.youtube.com/watch?v=HA_gTzMAd9w,다리 올려 의자 넘기,"근지구력, 근력","중급, 초급"
694,2,유소년,https://www.youtube.com/watch?v=r-MKM8QOH_M,엎드려 무릎 당기기,"근지구력, 근력",중급
695,2,유소년,https://www.youtube.com/watch?v=Ei7tJWdISDA,머리 뒤로 깍지 끼고 상체 숙이기,"근지구력, 근력",중급
696,2,유소년,https://www.youtube.com/watch?v=Kyt-UTRiVnM,윗몸 말아올리기,"근지구력, 근력",중급
697,2,유소년,https://www.youtube.com/watch?v=yKDmNLrGYQU,팔 구부려 등 모으기,"근지구력, 근력",중급
698,2,유소년,https://www.youtube.com/watch?v=XBDKsUgPmiI,팔꿈치 무릎 교차 닿기,"근지구력, 근력",중급
699,2,유소년,https://www.youtube.com/watch?v=zI8DaA4G5lc,누워서 다리 펴고 원 그리기,"근지구력, 근력",중급
700,2,유소년,https://www.youtube.com/watch?v=8ko-zEe6QbU,앉아서 다리 펴고 들어올리기,"근지구력, 근력",중급
701,2,유소년,https://www.youtube.com/watch?v=lVxep68_b-Y,옆으로 팔 대고 버티기,"근지구력, 근력",중급
702,2,유소년,https://www.youtube.com/watch?v=hfO4ZCt_DM4,엎드려 팔 대고 버티기,"근지구력, 근력",중급
703,2,유소년,https://www.youtube.com/watch?v=4-OXSsCc7tE,슈퍼맨자세,"근지구력, 근력",중급
704,2,유소년,https://www.youtube.com/watch?v=NcMo93Lp2bs,엎드려 상체 들어올리기,"근지구력, 근력",중급
705,2,유소년,https://www.youtube.com/watch?v=WRG6W36C7VU,밴드 어깨 뒤로 들어올리기,"근지구력, 근력",중급
706,2,유소년,https://www.youtube.com/watch?v=a8g7ZyPdGfc,밴드 앞 옆으로 들어올리기,"근지구력, 근력",중급
707,2,유소년,https://www.youtube.com/watch?v=05Lk6_BvAmg,의자 잡고 팔 뒤로 굽히기,"근지구력, 근력","중급, 초급"
708,2,유소년,https://www.youtube.com/watch?v=qj3zLd6yHic,아령 뒤로 들어올리기,"근지구력, 근력",중급
709,2,유소년,https://www.youtube.com/watch?v=eKgfqbub0uE,아령 앞으로 들어올리기,"근지구력, 근력",중급
710,2,유소년,https://www.youtube.com/watch?v=J8AH3hWBVME,엎드려 팔로 걷기,"근지구력, 근력",중급
711,2,유소년,https://www.youtube.com/watch?v=nIYbPqFNO4U,앉아서 엉덩이 들고 이동하기,"근지구력, 근력",중급
712,2,유소년,https://www.youtube.com/watch?v=_QdRvkPQ-EE,누워서 뒤로 팔굽혀펴기,"근지구력, 근력",중급
713,2,유소년,https://www.youtube.com/watch?v=8iUa8b_j9QI,팔굽혀펴기,"근지구력, 근력",중급
714,5,성인 및 어르신,https://www.youtube.com/watch?v=J_4tk10nZY0,무릎 2단계의자에 앉아 다리 뻗기,근·골격계,초급
715,5,성인 및 어르신,https://www.youtube.com/watch?v=mz9So3gEgH4,무릎 2단계의자에 앉았다 일어서기,근·골격계,초급
716,5,성인 및 어르신,https://www.youtube.com/watch?v=O6uDBAFp6bo,무릎 2단계의자에 앉아 두 다리 들어올리기,근·골격계,초급
717,5,성인 및 어르신,https://www.youtube.com/watch?v=L91j0OBcHZ8,무릎 2단계한 발 짐볼에 올려 엉덩이 들고 무릎 구부리기,근·골격계,중급
718,5,성인 및 어르신,https://www.youtube.com/watch?v=djdQ5zFA7MY,무릎 2단계옆으로 누워 무릎 벌리기,근·골격계,중급
719,5,성인 및 어르신,https://www.youtube.com/watch?v=hN21Ucw7zqg,무릎 2단계앞뒤로 다리 벌려 앉아 몸통 회전하기,근·골격계,중급
720,5,성인 및 어르신,https://www.youtube.com/watch?v=rJaEWl8fwAk,무릎 2단계공중 런지(에어본 런지/한 발로 앉았다 일어나며 무릎 당기기),근·골격계,중급
721,5,성인 및 어르신,https://www.youtube.com/watch?v=QbtwunyTygg,무릎 2단계플랭크 로테이션(회전 플랭크/팔굽혀펴기 자세에서 팔다리 교차하여 들고 골반 회전시키기),근·골격계,중급
722,5,성인 및 어르신,https://www.youtube.com/watch?v=OOXZvBz9Zbk,무릎 2단계로우 런지 킥백(한쪽 다리 뒤로 뻗어 쪼그려 瞞年鳴 일어나면서 뒤로 차기),근·골격계,중급
723,5,성인 및 어르신,https://www.youtube.com/watch?v=KbuZww79fyU,무릎 2단계리버스 플랭크 터치(앉아서 엉덩이 들고 손 발 닿기),근·골격계,중급
724,5,성인 및 어르신,https://www.youtube.com/watch?v=rx4hh6UTyVM,무릎 2단계내회전 스쿼트(앉아서 한 쪽씩 교차로 무릎 안쪽으로 내렸다 올라오기),근·골격계,고급
725,5,성인 및 어르신,https://www.youtube.com/watch?v=pvUZS24KHdg,무릎 2단계한 다리 힙 쓰러스트(등 대고 누워 다리 구부려 올렸다 내리기),근·골격계,중급
726,5,성인 및 어르신,https://www.youtube.com/watch?v=Puuce3TLAgk,무릎 2단계대각선 뒤로 앉았다 일어나며 다리 옆으로 들기,근·골격계,중급
727,5,성인 및 어르신,https://www.youtube.com/watch?v=74t2DyCUkt0,무릎 2단계스쿼트 후 뒤꿈치 들고 다리 옆으로 차기,근·골격계,고급
728,5,성인 및 어르신,https://www.youtube.com/watch?v=2E6CT7GYstg,무릎 2단계다리 앞으로 당겼다가 뒤로 차기,근·골격계,중급
729,5,성인 및 어르신,https://www.youtube.com/watch?v=sDngb073b8k,무릎 2단계옆으로 누워 미니볼 들어올리기,근·골격계,중급
730,5,성인 및 어르신,https://www.youtube.com/watch?v=5lnyl11vq2I,무릎 2단계엉덩이 들어올려 다리 벌리기,근·골격계,중급
731,5,성인 및 어르신,https://www.youtube.com/watch?v=NQkyVEeqHLw,무릎 2단계점프하며 팔다리 앞으로 교차하기,근·골격계,중급
732,5,성인 및 어르신,https://www.youtube.com/watch?v=uHIIc35SAuI,무릎 2단계발 바꿔 계단뛰기,근·골격계,중급
733,5,성인 및 어르신,https://www.youtube.com/watch?v=pziEkUaxRWQ,무릎 2단계몸통 비틀어 다리 들어올리기,근·골격계,중급
734,5,성인 및 어르신,https://www.youtube.com/watch?v=gw88_oXy6fk,무릎 2단계사이드 런지 후 점프,근·골격계,중급
735,5,성인 및 어르신,https://www.youtube.com/watch?v=fcjBXyVETxY,무릎 2단계한발 뒤로 차고 점프,근·골격계,중급
736,5,성인 및 어르신,https://www.youtube.com/watch?v=50JBTJXp5_0,무릎 2단계스쿼트 후 옆으로 다리들기,근·골격계,고급
737,5,성인 및 어르신,https://www.youtube.com/watch?v=EvCBmy0cBfQ,무릎 2단계스쿼트 후 사이드 크런치,근·골격계,고급
738,5,성인 및 어르신,https://www.youtube.com/watch?v=pRz8d3qepJQ,무릎 2단계다리 뒤로 뻗은 후 니킥,근·골격계,중급
739,5,성인 및 어르신,https://www.youtube.com/watch?v=a1lzn6_V5a0,무릎 1단계더킹 런지(Ducking lunge),근·골격계,중급
740,5,성인 및 어르신,https://www.youtube.com/watch?v=S2czTQVHfUc,무릎 1단계브릿지 후 뒤꿈치 들기,근·골격계,중급
741,5,성인 및 어르신,https://www.youtube.com/watch?v=70k_8vO2s7I,무릎 1단계스쿼트 후 뒤꿈치 들기,근·골격계,고급
742,5,성인 및 어르신,https://www.youtube.com/watch?v=XCqge_uWQPo,무릎 1단계스쿼트 유지하기,근·골격계,고급
743,5,성인 및 어르신,https://www.youtube.com/watch?v=SEvt-t1Iu_s,무릎 1단계런지,근·골격계,중급
744,5,성인 및 어르신,https://www.youtube.com/watch?v=BQqtuZn1T2c,무릎 1단계리버스 런지 후 다리올리기,근·골격계,중급
745,5,성인 및 어르신,https://www.youtube.com/watch?v=uVmtqY19SSI,무릎 1단계양발 앞뒤로 뻗어 니킥,근·골격계,중급
746,5,성인 및 어르신,https://www.youtube.com/watch?v=2rgTtCyoTWM,무릎 1단계무릎대고 앉았다 일어나기,근·골격계,중급
747,5,성인 및 어르신,https://www.youtube.com/watch?v=_070D1dByHs,무릎 1단계네발기기 자세로 뒷발차기,근·골격계,중급
748,5,성인 및 어르신,https://www.youtube.com/watch?v=VPf5vbkt3Hw,무릎 1단계한 다리 들고 원 그리기,근·골격계,중급
749,5,성인 및 어르신,https://www.youtube.com/watch?v=l-AqRVz3BJw,무릎 1단계옆으로 누워 안쪽다리 올리기,근·골격계,중급
750,5,성인 및 어르신,https://www.youtube.com/watch?v=3X4CiOX0hoI,무릎 1단계사이드 런지 후 제기차기,근·골격계,중급
751,5,성인 및 어르신,https://www.youtube.com/watch?v=qLaJIBGDV18,무릎 1단계옆으로 누워 다리 들어올리기,근·골격계,중급
752,5,성인 및 어르신,https://www.youtube.com/watch?v=qJO32patgXE,무릎 1단계니킥하고 옆으로 다리들기,근·골격계,중급
753,5,성인 및 어르신,https://www.youtube.com/watch?v=all5pu1gnGE,무릎 1단계다리 들어올리기,근·골격계,중급
754,5,성인 및 어르신,https://www.youtube.com/watch?v=NytHCtpDpUs,허리 2단계뒤로 땅 짚고 엉덩이 들어올리기,근·골격계,중급
755,5,성인 및 어르신,https://www.youtube.com/watch?v=0aV5sJbkSCs,허리 2단계양발 앞뒤로 뻗어 한 팔 위로 상체 비틀기,근·골격계,중급
756,5,성인 및 어르신,https://www.youtube.com/watch?v=1kmZAVibXg8,허리 2단계상체변화 플랭크,근·골격계,중급
757,5,성인 및 어르신,https://www.youtube.com/watch?v=W3N6jkd-N9k,허리 2단계케틀벨들고 밴드잡고 팔다리 교차하기,근·골격계,중급
758,5,성인 및 어르신,https://www.youtube.com/watch?v=pnJ-5znGQ84,허리 2단계밴드잡고 팔다리 교차하기,근·골격계,중급
759,5,성인 및 어르신,https://www.youtube.com/watch?v=nYryI39814A,허리 2단계막대기를 이용하여(스쿼트자세로) 한팔 위로 뻗기,근·골격계,고급
760,5,성인 및 어르신,https://www.youtube.com/watch?v=KRuiV-F4-9o,허리 2단계막대기를 이용하여 전신 회전하기,근·골격계,중급
761,5,성인 및 어르신,https://www.youtube.com/watch?v=rG_BF9l8ZtM,허리 2단계엎드려 팔 다리 들기,근·골격계,중급
762,5,성인 및 어르신,https://www.youtube.com/watch?v=9fn1nCUAo1I,허리 2단계브릿지 다리끌기,근·골격계,중급
763,5,성인 및 어르신,https://www.youtube.com/watch?v=F6bwrdnVgRI,허리 2단계밴드 양팔(앞으로) 뻗어 다리 바꾸기,근·골격계,중급
764,5,성인 및 어르신,https://www.youtube.com/watch?v=RIbud7uCTDw,허리 2단계막대기를 이용하여 앉아 몸통 회전하기,근·골격계,중급
765,5,성인 및 어르신,https://www.youtube.com/watch?v=wEfum_4pk7A,허리 2단계플랭크 무릎 끌어올리기,근·골격계,중급
766,5,성인 및 어르신,https://www.youtube.com/watch?v=aTBKTc5zDxg,허리 2단계한 다리로 서서 밴드 양팔(앞으로) 뻗기,근·골격계,중급
767,5,성인 및 어르신,https://www.youtube.com/watch?v=zCfmCErNAdA,허리 2단계밴드 양팔(앞으로) 뻗기,근·골격계,중급
768,5,성인 및 어르신,https://www.youtube.com/watch?v=2vevXGJOKOg,허리 2단계미니밴드 옆으로 걷기,근·골격계,중급
769,5,성인 및 어르신,https://www.youtube.com/watch?v=4n1fPw1mcAo,허리 2단계미니밴드 옆으로 다리 뻗기,근·골격계,중급
770,5,성인 및 어르신,https://www.youtube.com/watch?v=qmsuBvU840M,허리 2단계앉아서 미니밴드 엉덩이 운동,근·골격계,중급
771,5,성인 및 어르신,https://www.youtube.com/watch?v=MBRgj2_g9yc,허리 2단계다리 옆으로 뻗고 끌어오기,근·골격계,중급
772,5,성인 및 어르신,https://www.youtube.com/watch?v=9wPBwGZ6_6o,허리 2단계짐볼 한다리 플랭크,근·골격계,중급
773,5,성인 및 어르신,https://www.youtube.com/watch?v=cAiGavivKEY,허리 2단계짐볼 플랭크,근·골격계,중급
774,5,성인 및 어르신,https://www.youtube.com/watch?v=i_TtjVYn9fQ,허리 2단계플랭크(엎드려 버티기),근·골격계,중급
775,5,성인 및 어르신,https://www.youtube.com/watch?v=yUIyE5kK3wA,허리 2단계짐볼 잡고 다리 뒤로 뻗기,근·골격계,중급
776,5,성인 및 어르신,https://www.youtube.com/watch?v=yrvrk2DCvRk,허리 2단계짐볼 위에 눕기,근·골격계,중급
777,5,성인 및 어르신,https://www.youtube.com/watch?v=4JeRn6iRv2M,허리 2단계옆으로 앉아 짐볼 밀기,근·골격계,중급
778,5,성인 및 어르신,https://www.youtube.com/watch?v=aE0nSMm_1Sc,허리 1단계막대기를 이용하여 몸통 회전하기,근·골격계,중급
779,5,성인 및 어르신,https://www.youtube.com/watch?v=ntnWD4Ml0gc,허리 1단계스쿼트 자세에서 미니밴드 엉덩이 운동,근·골격계,고급
780,5,성인 및 어르신,https://www.youtube.com/watch?v=TuaWGla24cA,허리 1단계무릎 터치 플랭크,근·골격계,중급
781,5,성인 및 어르신,https://www.youtube.com/watch?v=E05IcTyOhpo,허리 1단계한다리 뻗어 짐볼 누르기,근·골격계,중급
782,5,성인 및 어르신,https://www.youtube.com/watch?v=DfrNSg99oF0,허리 1단계짐볼 누르기,근·골격계,중급
783,5,성인 및 어르신,https://www.youtube.com/watch?v=g_a_Br5cVmw,허리 1단계짐볼 한다리 브릿지,근·골격계,중급
784,5,성인 및 어르신,https://www.youtube.com/watch?v=4cFynRuIWhY,허리 1단계짐볼 리버스 브릿지,근·골격계,중급
785,5,성인 및 어르신,https://www.youtube.com/watch?v=k7qfWdREYyA,허리 1단계짐볼 브릿지,근·골격계,중급
786,5,성인 및 어르신,https://www.youtube.com/watch?v=ZqY-BWOfavs,허리 1단계네발기기 자세로 팔 다리 교차 들기,근·골격계,중급
787,5,성인 및 어르신,https://www.youtube.com/watch?v=P-X29BD2K-c,허리 1단계누워서 다리 들고 좌우로 움직이기,근·골격계,중급
788,5,성인 및 어르신,https://www.youtube.com/watch?v=mopXauVQfio,허리 1단계팔다리 반대로 뻗어 스트레칭,근·골격계,초급
789,5,성인 및 어르신,https://www.youtube.com/watch?v=g8F4108b36g,허리 1단계엎드려 팔뻗어 상체 들어올리기,근·골격계,중급
790,5,성인 및 어르신,https://www.youtube.com/watch?v=6YUXa_pHhsM,허리 1단계4자 다리 끌어안기,근·골격계,중급
791,5,성인 및 어르신,https://www.youtube.com/watch?v=NJIyVeoFUkI,허리 1단계한다리 뒤로 뻗어 발잡기,근·골격계,중급
792,5,성인 및 어르신,https://www.youtube.com/watch?v=h_6ED2iaNaY,허리 1단계네발기기 자세로 허리 들어주기,근·골격계,중급
793,5,성인 및 어르신,https://www.youtube.com/watch?v=8E1tkdp9hwY,어깨 2단계밴드잡고 대각선 옆으로 양팔 들기,근·골격계,중급
794,5,성인 및 어르신,https://www.youtube.com/watch?v=7YaYV2FRi-k,어깨 2단계팔 구부려 어깨 돌리기,근·골격계,중급
795,5,성인 및 어르신,https://www.youtube.com/watch?v=10AmMSkGRxg,어깨 2단계팔 앞으로/옆으로 들기,근·골격계,중급
796,5,성인 및 어르신,https://www.youtube.com/watch?v=0ScAV5zVnE0,어깨 2단계벽 모퉁이 가슴 스트레칭,근·골격계,초급
797,5,성인 및 어르신,https://www.youtube.com/watch?v=DYMtM0D6zyM,어깨 2단계상체숙여 팔 구부리고 어깨 돌리기,근·골격계,중급
798,5,성인 및 어르신,https://www.youtube.com/watch?v=Jawzqd6W3e4,어깨 2단계케틀벨 들어올리고 옆으로 팔 뻗기,근·골격계,중급
799,5,성인 및 어르신,https://www.youtube.com/watch?v=-7brIvxp930,어깨 2단계옆으로 앉아 엉덩이 들어 원그리기,근·골격계,중급
800,5,성인 및 어르신,https://www.youtube.com/watch?v=p9-UD4jSi4s,어깨 2단계케틀벨 들어올리기,근·골격계,중급
801,5,성인 및 어르신,https://www.youtube.com/watch?v=2m_hkC-L4w4,어깨 2단계케틀벨 들고 원 그리기,근·골격계,중급
802,5,성인 및 어르신,https://www.youtube.com/watch?v=gXIKJtdMvdE,어깨 2단계접시돌리기,근·골격계,중급
803,5,성인 및 어르신,https://www.youtube.com/watch?v=-EIBoVl1cyg,어깨 2단계팔 벌리고 뒷짐진 후 만세하기,근·골격계,중급
804,5,성인 및 어르신,https://www.youtube.com/watch?v=Xx9BPWlejoI,어깨 2단계손머리 뒤로하고 뒷짐지기,근·골격계,중급
805,5,성인 및 어르신,https://www.youtube.com/watch?v=UQ7z9TdvIfk,어깨 2단계엎드려 양팔 뻗어 등 조이고 뒷짐지기,근·골격계,중급
806,5,성인 및 어르신,https://www.youtube.com/watch?v=tbLxHyistws,어깨 2단계엎드려 팔꿈치 들어올리고 손 띄우기,근·골격계,중급
807,5,성인 및 어르신,https://www.youtube.com/watch?v=WuHmIr1z7so,어깨 2단계엎드려 팔꿈치 들어올리기,근·골격계,중급
808,5,성인 및 어르신,https://www.youtube.com/watch?v=7U0ryionr3A,어깨 2단계밴드잡고 팔 뒤로 뻗기,근·골격계,중급
809,5,성인 및 어르신,https://www.youtube.com/watch?v=03DdfZ_V_Hk,어깨 2단계팔다리로 밴드 늘려 옆으로 걷기,근·골격계,중급
810,5,성인 및 어르신,https://www.youtube.com/watch?v=WLIPn8k1NI4,어깨 2단계밴드 당겨 올리기,근·골격계,중급
811,5,성인 및 어르신,https://www.youtube.com/watch?v=CcAfS2kTJnw,어깨 2단계밴드 잡고 만세하여 삼각형 만들기,근·골격계,중급
812,5,성인 및 어르신,https://www.youtube.com/watch?v=OicYQ2iyaRM,어깨 2단계밴드 잡고 머리 위로 팔돌리기,근·골격계,중급
813,5,성인 및 어르신,https://www.youtube.com/watch?v=B0YX1qIXMCo,어깨 2단계밴드 잡고 팔 옆으로 뻗기,근·골격계,중급
814,5,성인 및 어르신,https://www.youtube.com/watch?v=HGK3fgCrgkA,어깨 2단계양발 앞뒤로 뻗어 짐볼 굴리기,근·골격계,중급
815,5,성인 및 어르신,https://www.youtube.com/watch?v=V0m3cOW0qm8,어깨 2단계짐볼로 한  팔 뻗어 어깨 스트레칭,근·골격계,"중급, 초급"
816,5,성인 및 어르신,https://www.youtube.com/watch?v=qnI9g89iBAE,어깨 2단계짐볼로 양팔 뻗어 어깨 스트레칭,근·골격계,"중급, 초급"
817,5,성인 및 어르신,https://www.youtube.com/watch?v=w57JM9yd514,어깨 2단계네발기기 자세에서 짐볼로 어깨늘리기,근·골격계,중급
818,5,성인 및 어르신,https://www.youtube.com/watch?v=XAr0m5RUdfI,어깨 1단계벽에서 짐볼 대고 원 그리기,근·골격계,중급
819,5,성인 및 어르신,https://www.youtube.com/watch?v=ESIj2DwPqeo,어깨 1단계벽에서 팔굽혀펴기 후 벽 밀기,근·골격계,중급
820,5,성인 및 어르신,https://www.youtube.com/watch?v=YGP1Qs9bhw4,어깨 1단계벽을 이용한 팔 옆으로 올리기,근·골격계,중급
821,5,성인 및 어르신,https://www.youtube.com/watch?v=pJGuqnje5Yo,어깨 1단계수건을 이용한 팔 뒤로 올리기,근·골격계,중급
822,5,성인 및 어르신,https://www.youtube.com/watch?v=WHAr1-A_1fs,어깨 1단계몸 앞에서 막대기 옆으로 밀기,근·골격계,중급
823,5,성인 및 어르신,https://www.youtube.com/watch?v=t9FckiwWxtM,어깨 1단계등 뒤로 막대기 옆으로 밀기,근·골격계,중급
824,5,성인 및 어르신,https://www.youtube.com/watch?v=1X3g_xXFxUE,어깨 1단계누워서 막대기 들어올리기,근·골격계,중급
825,5,성인 및 어르신,https://www.youtube.com/watch?v=enWc5OFuP0s,어깨 1단계테이블에 엎드려 팔 45˚ 벌려 들기,근·골격계,중급
826,5,성인 및 어르신,https://www.youtube.com/watch?v=d8oicWOpW8s,어깨 1단계테이블에 엎드려 팔 뒤로 올리기,근·골격계,중급
827,5,성인 및 어르신,https://www.youtube.com/watch?v=oPwT6mBN4sE,어깨 1단계테이블에 팔 앞으로 뻗기,근·골격계,중급
